word;Nb_char (C_w);Freq (F_w);Nb_scan (S_w);Nb_act;S_w x F_w;C_w x F_w;;
de;2;369294;10;5;3692940;738588;;
la;2;231160;7;5;1618120;462320;;
le;2;201192;6;5;1207152;402384;;
les;3;172027;8;5;1376216;516081;;3,891551502
et;2;162818;9;5;1465362;325636;;
a;1;142169;8;3;1137352;142169;;
est;3;139273;12;8;1671276;417819;;
en;2;131424;8;5;1051392;262848;;
des;3;128016;10;5;1280160;384048;;
d;1;106690;4;3;426760;106690;;
un;2;98321;8;5;786568;196642;;
il;2;86530;13;5;1124890;173060;;
du;2;81566;8;6;652528;163132;;
une;3;77779;9;5;700011;233337;;
qui;3;63007;11;5;693077;189021;;
dans;4;62106;7;5;434742;248424;;
pour;4;59206;7;5;414442;236824;;
par;3;55637;8;5;445096;166911;;
au;2;46340;11;5;509740;92680;;
que;3;45724;9;5;411516;137172;;
plus;4;41215;11;5;453365;164860;;
sont;4;40154;18;8;722772;160616;;
se;2;35559;10;6;355590;71118;;
c;1;34853;6;3;209118;34853;;
sur;3;34442;13;5;447746;103326;;
ou;2;31878;13;5;414414;63756;;
on;2;30509;11;5;335599;61018;;
son;3;30237;12;5;362844;90711;;
pas;3;29643;9;5;266787;88929;;
ce;2;29011;11;5;319121;58022;;
s;1;28036;7;3;196252;28036;;
elle;4;27267;10;5;272670;109068;;
avec;4;26472;15;5;397080;105888;;
qu;2;25763;10;6;257630;51526;;
mais;4;25550;12;5;306600;102200;;
ne;2;24536;14;5;343504;49072;;
comme;5;22075;13;8;286975;110375;;
n;1;21546;10;3;215460;21546;;
sa;2;18696;14;5;261744;37392;;
ils;3;17444;14;5;244216;52332;;
ont;3;17423;16;8;278768;52269;;
ete;3;17041;17;9;289697;51123;;
y;1;16352;13;3;212576;16352;;
aux;3;16302;19;8;309738;48906;;
tres;4;16228;16;8;259648;64912;;
aussi;5;15694;21;8;329574;78470;;
ses;3;15661;14;8;219254;46983;;
cette;5;15351;12;5;184212;76755;;
fait;4;14532;18;8;261576;58128;;
peut;4;13949;19;11;265031;55796;;
leur;4;13586;11;8;149446;54344;;
deux;4;13274;13;8;172562;53096;;
etre;4;13146;18;8;236628;52584;;
meme;4;12315;16;5;197040;49260;;
etait;5;11616;23;15;267168;58080;;
entre;5;11581;15;8;173715;57905;;
je;2;11517;14;5;161238;23034;;
france;6;10672;20;11;213440;64032;;
apres;5;10577;12;5;126924;52885;;
autres;6;10414;29;14;302006;62484;;
pays;4;10308;16;11;164928;41232;;
ces;3;10300;13;5;133900;30900;;
ans;3;10179;17;9;173043;30537;;
lui;3;10160;11;8;111760;30480;;
o;1;9817;8;3;78536;9817;;
alors;5;9631;13;5;125203;48155;;
faire;5;9379;20;11;187580;46895;;
si;2;9322;10;5;93220;18644;;
tout;4;9271;13;5;120523;37084;;
j;1;9028;11;3;99308;9028;;
bien;4;8969;16;5;143504;35876;;
donc;4;8648;12;8;103776;34592;;
ville;5;8242;24;11;197808;41210;;
sous;4;8064;17;8;137088;32256;;
monde;5;7979;23;14;183517;39895;;
roi;3;7628;18;9;137304;22884;;
nom;3;7508;19;9;142652;22524;;
guerre;6;7165;24;11;171960;42990;;
siecle;6;7152;35;18;250320;42912;;
tous;4;7150;19;8;135850;28600;;
partie;6;7136;22;17;156992;42816;;
plusieurs;9;6946;13;8;90298;62514;;
depuis;6;6924;11;5;76164;41544;;
dont;4;6896;15;8;103440;27584;;
contre;6;6824;19;11;129656;40944;;
beaucoup;8;6674;20;5;133480;53392;;
ainsi;5;6582;14;5;92148;32910;;
leurs;5;6562;12;8;78744;32810;;
pendant;7;6537;11;8;71907;45759;;
puis;4;6508;13;8;84604;26032;;
grand;5;6287;20;8;125740;31435;;
car;3;6265;15;8;93975;18795;;
peu;3;6180;12;8;74160;18540;;
avoir;5;6113;23;8;140599;30565;;
grande;6;6074;24;11;145776;36444;;
t;1;6042;9;3;54378;6042;;
tu;2;5996;3;2;17988;11992;;
egalement;9;5973;40;27;238920;53757;;
sans;4;5962;17;8;101354;23848;;
nord;4;5949;26;12;154674;23796;;
sud;3;5944;20;9;118880;17832;;
souvent;7;5906;23;11;135838;41342;;
francais;8;5880;37;24;217560;47040;;
avant;5;5756;21;8;120876;28780;;
exemple;7;5715;21;11;120015;40005;;
cela;4;5619;15;11;84285;22476;;
encore;6;5618;16;8;89888;33708;;
jusqu;5;5599;29;15;162371;27995;;
fois;4;5568;18;11;100224;22272;;
temps;5;5539;18;11;99702;27695;;
eau;3;5501;16;8;88016;16503;;
premier;7;5399;18;11;97182;37793;;
elles;5;5315;12;5;63780;26575;;
nous;4;5290;15;5;79350;21160;;
vers;4;5257;18;8;94626;21028;;
dire;4;5243;17;11;89131;20972;;
autre;5;5155;22;11;113410;25775;;
vie;3;5033;19;9;95627;15099;;
mort;4;5033;21;11;105693;20132;;
trois;5;4965;17;8;84405;24825;;
avait;5;4938;26;11;128388;24690;;
m;1;4929;9;3;44361;4929;;
premiere;8;4885;17;11;83045;39080;;
moins;5;4855;19;8;92245;24275;;
certains;8;4815;18;11;86670;38520;;
annees;6;4804;39;18;187356;28824;;
cet;3;4792;16;8;76672;14376;;
peuvent;7;4739;21;14;99519;33173;;
paris;5;4580;17;14;77860;22900;;
fin;3;4441;11;5;48851;13323;;
quand;5;4420;13;5;57460;22100;;
personnes;9;4306;37;26;159322;38754;;
vous;4;4254;15;5;63810;17016;;
etaient;7;4244;31;21;131564;29708;;
lieu;4;4206;15;11;63090;16824;;
ai;2;4152;11;6;45672;8304;;
doit;4;4141;16;11;66256;16564;;
terre;5;4134;21;11;86814;20670;;
trouve;6;4133;19;8;78527;24798;;
etat;4;4129;18;11;74322;16516;;
e;1;4058;5;3;20290;4058;;
faut;4;4051;14;5;56714;16204;;
nombreux;8;4048;25;11;101200;32384;;
soit;4;4037;20;8;80740;16148;;
vikidia;7;4014;46;21;184644;28098;;
quelques;8;4005;17;11;68085;32040;;
chaque;6;4001;13;8;52013;24006;;
annee;5;3983;25;11;99575;19915;;
europe;6;3982;20;11;79640;23892;;
environ;7;3972;21;11;83412;27804;;
non;3;3971;13;5;51623;11913;;
devient;7;3965;25;14;99125;27755;;
fut;3;3909;17;8;66453;11727;;
saint;5;3907;18;11;70326;19535;;
enfants;7;3894;24;14;93456;27258;;
existe;6;3881;23;11;89263;23286;;
etats;5;3856;21;11;80976;19280;;
celui;5;3828;18;11;68904;19140;;
selon;5;3821;11;5;42031;19105;;
cas;3;3800;19;9;72200;11400;;
ci;2;3762;11;6;41382;7524;;
pouvoir;7;3692;24;14;88608;25844;;
famille;7;3687;19;11;70053;25809;;
forme;5;3674;25;14;91850;18370;;
lors;4;3644;10;5;36440;14576;;
fils;4;3609;15;8;54135;14436;;
va;2;3583;17;6;60911;7166;;
empire;6;3559;21;14;74739;21354;;
place;5;3539;15;11;53085;17695;;
nombre;6;3534;23;8;81282;21204;;
partir;6;3507;24;17;84168;21042;;
francaise;9;3506;40;27;140240;31554;;
hui;3;3495;22;9;76890;10485;;
aujourd;7;3487;35;21;122045;24409;;
permet;6;3471;20;14;69420;20826;;
histoire;8;3413;25;8;85325;27304;;
toutes;6;3380;24;11;81120;20280;;
notamment;9;3369;26;11;87594;30321;;
mer;3;3366;18;9;60588;10098;;
royaume;7;3360;30;11;100800;23520;;
jours;5;3343;27;15;90261;16715;;
grace;5;3343;15;5;50145;16715;;
habitants;9;3290;35;17;115150;29610;;
cours;5;3260;19;11;61940;16300;;
jour;4;3258;22;11;71676;13032;;
me;2;3237;12;6;38844;6474;;
homme;5;3232;24;8;77568;16160;;
armee;5;3220;25;11;80500;16100;;
toujours;8;3200;25;11;80000;25600;;
petit;5;3191;15;8;47865;15955;;
region;6;3179;34;18;108086;19074;;
unis;4;3165;18;12;56970;12660;;
celle;5;3159;20;14;63180;15795;;
discussion;10;3156;25;17;78900;31560;;
pres;4;3147;12;8;37764;12588;;
h;1;3115;14;3;43610;3115;;
sera;4;3114;18;11;56052;12456;;
politique;9;3111;20;14;62220;27999;;
km;2;3101;23;6;71323;6202;;
surtout;7;3087;19;8;58653;21609;;
ne;2;3058;14;5;42812;6116;;
epoque;6;3047;39;18;118833;18282;;
effet;5;3043;17;8;51731;15215;;
gouvernement;12;3037;29;11;88073;36444;;
animaux;7;3033;22;11;66726;21231;;
debut;5;3019;27;15;81513;15095;;
cependant;9;3018;15;8;45270;27162;;
ouest;5;2997;20;11;59940;14985;;
mars;4;2986;22;12;65692;11944;;
age;3;2958;18;9;53244;8874;;
louis;5;2947;12;8;35364;14735;;
mai;3;2914;16;9;46624;8742;;
toute;5;2905;28;14;81340;14525;;
afin;4;2886;21;8;60606;11544;;
population;10;2880;22;11;63360;28800;;
compte;6;2868;21;14;60228;17208;;
pere;4;2868;22;12;63096;11472;;
te;2;2851;12;6;34212;5702;;
juin;4;2850;23;11;65550;11400;;
hommes;6;2849;26;11;74074;17094;;
eux;3;2837;18;8;51066;8511;;
president;9;2820;34;27;95880;25380;;
voir;4;2805;24;11;67320;11220;;
mois;4;2804;21;12;58884;11216;;
suite;5;2791;21;8;58611;13955;;
nombreuses;10;2788;26;11;72488;27880;;
nouveau;7;2785;25;11;69625;19495;;
corps;5;2756;23;11;63388;13780;;
parfois;7;2751;23;14;63273;19257;;
octobre;7;2732;25;11;68300;19124;;
ile;3;2730;19;9;51870;8190;;
cest;4;2727;18;12;49086;10908;;
ceux;4;2718;22;11;59796;10872;;
millions;8;2717;26;14;70642;21736;;
groupe;6;2712;26;11;70512;16272;;
republique;10;2712;47;30;127464;27120;;
pourquoi;8;2711;10;5;27110;21688;;
certaines;9;2701;19;11;51319;24309;;
dit;3;2699;13;9;35087;8097;;
janvier;7;2682;26;11;69732;18774;;
reste;5;2673;18;5;48114;13365;;
septembre;9;2648;23;11;60904;23832;;
nouvelle;8;2641;24;11;63384;21128;;
grands;6;2632;30;18;78960;15792;;
des;3;2626;10;5;26260;7878;;
trop;4;2618;18;8;47124;10472;;
ensuite;7;2614;17;8;44438;18298;;
personne;8;2608;14;8;36512;20864;;
chez;4;2602;14;8;36428;10408;;
quatre;6;2587;20;11;51740;15522;;
origine;7;2580;28;14;72240;18060;;
la;2;2559;7;5;17913;5118;;
r;1;2550;11;3;28050;2550;;
allemagne;9;2546;27;17;68742;22914;;
empereur;8;2519;19;14;47861;20152;;
article;7;2515;19;8;47785;17605;;
appelle;7;2496;24;8;59904;17472;;
general;7;2495;26;11;64870;17465;;
eu;2;2492;13;6;32396;4984;;
b;1;2477;13;3;32201;2477;;
font;4;2476;22;11;54472;9904;;
jeu;3;2464;18;9;44352;7392;;
juillet;7;2463;22;11;54186;17241;;
avril;5;2456;25;11;61400;12280;;
deja;4;2443;24;12;58632;9772;;
ca;2;2400;12;6;28800;4800;;
suis;4;2398;22;12;52756;9592;;
capitale;8;2393;24;11;57432;19144;;
centre;6;2340;20;11;46800;14040;;
petits;6;2331;24;14;55944;13986;;
veut;4;2329;27;11;62883;9316;;
tard;4;2312;25;11;57800;9248;;
anglais;7;2305;25;11;57625;16135;;
site;4;2292;20;12;45840;9168;;
tour;4;2290;23;12;52670;9160;;
ii;2;2284;24;6;54816;4568;;
droit;5;2280;15;8;34200;11400;;
etant;5;2271;25;15;56775;11355;;
dernier;7;2256;19;11;42864;15792;;
ensemble;8;2216;19;11;42104;17728;;
especes;7;2215;34;21;75310;15505;;
decembre;8;2210;35;24;77350;17680;;
novembre;8;2205;30;11;66150;17640;;
seul;4;2202;16;8;35232;8808;;
fevrier;7;2200;43;21;94600;15400;;
point;5;2188;16;11;35008;10940;;
langue;6;2188;19;14;41572;13128;;
aout;4;2187;26;8;56862;8748;;
italie;6;2185;24;11;52440;13110;;
jean;4;2183;18;8;39294;8732;;
notre;5;2171;21;8;45591;10855;;
travail;7;2169;31;17;67239;15183;;
grandes;7;2166;33;20;71478;15162;;
merci;5;2152;13;5;27976;10760;;
assez;5;2145;20;8;42900;10725;;
or;2;2133;14;6;29862;4266;;
ecole;5;2132;22;14;46904;10660;;
systeme;7;2124;24;8;50976;14868;;
serie;5;2116;28;14;59248;10580;;
long;4;2098;17;11;35666;8392;;
moyen;5;2080;24;11;49920;10400;;
parti;5;2070;20;14;41400;10350;;
mere;4;2070;30;12;62100;8280;;
ier;3;2068;16;8;33088;6204;;
periode;7;2062;32;21;65984;14434;;
durant;6;2057;12;8;24684;12342;;
agit;4;2050;24;11;49200;8200;;
differentes;11;2044;17;11;34748;22484;;
ayant;5;2034;22;8;44748;10170;;
jeux;4;2020;24;11;48480;8080;;
bonjour;7;2017;18;5;36306;14119;;
afrique;7;2003;28;14;56084;14021;;
chef;4;1984;17;11;33728;7936;;
autour;6;1982;24;11;47568;11892;;
differents;10;1973;16;11;31568;19730;;
generalement;12;1972;56;36;110432;23664;;
x;1;1968;16;3;31488;1968;;
page;4;1967;13;11;25571;7868;;
charles;7;1966;15;8;29490;13762;;
plupart;7;1963;22;14;43186;13741;;
doivent;7;1962;17;11;33354;13734;;
jeune;5;1960;20;8;39200;9800;;
tete;4;1958;26;12;50908;7832;;
mondiale;8;1955;24;14;46920;15640;;
villes;6;1953;32;17;62496;11718;;
rome;4;1953;19;8;37107;7812;;
mot;3;1952;20;9;39040;5856;;
part;4;1952;15;12;29280;7808;;
seconde;7;1952;21;11;40992;13664;;
petite;6;1943;21;11;40803;11658;;
metres;6;1935;34;18;65790;11610;;
dieu;4;1929;13;8;25077;7716;;
femmes;6;1924;20;11;38480;11544;;
face;4;1923;13;5;24999;7692;;
belgique;8;1890;30;14;56700;15120;;
cause;5;1889;24;11;45336;9445;;
musique;7;1888;19;8;35872;13216;;
situee;6;1886;17;8;32062;11316;;
jeunes;6;1876;25;11;46900;11256;;
ur;2;1868;9;6;16812;3736;;
haut;4;1865;27;11;50355;7460;;
appele;6;1865;32;18;59680;11190;;
aide;4;1865;21;11;39165;7460;;
donne;5;1856;24;14;44544;9280;;
pierre;6;1848;13;8;24024;11088;;
av;2;1848;17;6;31416;3696;;
ancien;6;1846;18;11;33228;11076;;
moment;6;1846;23;11;42458;11076;;
equipe;6;1831;37;18;67747;10986;;
ailleurs;8;1828;17;8;31076;14624;;
russie;6;1827;34;14;62118;10962;;
important;9;1822;27;11;49194;16398;;
soleil;6;1816;22;11;39952;10896;;
regions;7;1815;38;21;68970;12705;;
utilise;7;1811;10;5;18110;12677;;
avaient;7;1802;27;11;48654;12614;;
deuxieme;8;1801;17;11;30617;14408;;
connu;5;1801;24;14;43224;9005;;
jamais;6;1789;18;8;32202;10734;;
parmi;5;1784;12;8;21408;8920;;
mon;3;1783;14;5;24962;5349;;
lorsque;7;1780;11;8;19580;12460;;
ordre;5;1778;20;8;35560;8890;;
passe;5;1778;16;11;28448;8890;;
etc;3;1773;17;8;30141;5319;;
comment;7;1762;14;8;24668;12334;;
espagne;7;1757;26;17;45682;12299;;
fille;5;1751;19;11;33269;8755;;
film;4;1741;19;12;33079;6964;;
bois;4;1738;26;11;45188;6952;;
possible;8;1735;19;11;32965;13880;;
particulier;11;1721;31;23;53351;18931;;
an;2;1718;12;6;20616;3436;;
ecrit;5;1706;25;15;42650;8530;;
angleterre;10;1703;27;14;45981;17030;;
vient;5;1702;24;11;40848;8510;;
donne;5;1702;24;14;40848;8510;;
premiers;8;1700;21;14;35700;13600;;
niveau;6;1697;27;11;45819;10182;;
articles;8;1696;25;14;42400;13568;;
but;3;1691;23;9;38893;5073;;
bas;3;1688;24;9;40512;5064;;
territoire;10;1682;25;14;42050;16820;;
mettre;6;1681;30;14;50430;10086;;
lorsqu;6;1672;24;18;40128;10032;;
prend;5;1669;18;15;30042;8345;;
vit;3;1667;21;9;35007;5001;;
amerique;8;1666;41;24;68306;13328;;
titre;5;1663;25;11;41575;8315;;
membres;7;1656;19;11;31464;11592;;
prix;4;1650;19;12;31350;6600;;
hiver;5;1647;31;11;51057;8235;;
demande;7;1646;14;11;23044;11522;;
contr;5;1644;22;15;36168;8220;;
femme;5;1644;19;11;31236;8220;;
commence;8;1642;21;14;34482;13136;;
cree;4;1640;16;8;26240;6560;;
eglise;6;1639;20;8;32780;9834;;
seulement;9;1635;23;11;37605;14715;;
vont;4;1633;26;11;42458;6532;;
te;2;1632;12;6;19584;3264;;
parce;5;1623;13;8;21099;8115;;
revolution;10;1603;37;17;59311;16030;;
bon;3;1598;17;5;27166;4794;;
parents;7;1592;24;14;38208;11144;;
lumiere;7;1590;16;11;25440;11130;;
porte;5;1589;18;11;28602;7945;;
question;8;1576;20;14;31520;12608;;
aurait;6;1573;25;11;39325;9438;;
cinq;4;1571;14;8;21994;6284;;
possede;7;1566;25;14;39150;10962;;
college;7;1563;21;14;32823;10941;;
prendre;7;1559;21;14;32739;10913;;
fonction;8;1557;27;14;42039;12456;;
rouge;5;1555;25;11;38875;7775;;
the;3;1555;18;8;27990;4665;;
mouvement;9;1548;24;11;37152;13932;;
tes;3;1546;15;8;23190;4638;;
seule;5;1543;22;11;33946;7715;;
departement;11;1543;46;33;70978;16973;;
couleur;7;1539;21;14;32319;10773;;
ministre;8;1533;23;11;35259;12264;;
ligne;5;1530;16;11;24480;7650;;
devant;6;1516;14;8;21224;9096;;
romain;6;1513;26;11;39338;9078;;
succes;6;1507;23;11;34661;9042;;
mieux;5;1505;18;8;27090;7525;;
militaire;9;1503;25;14;37575;13527;;
creer;5;1501;31;15;46531;7505;;
moi;3;1495;17;8;25415;4485;;
bonne;5;1488;19;5;28272;7440;;
mis;3;1487;21;8;31227;4461;;
chine;5;1487;23;14;34201;7435;;
abord;5;1486;29;14;43094;7430;;
savoir;6;1484;23;11;34132;8904;;
mesure;6;1482;25;14;37050;8892;;
taille;6;1481;24;14;35544;8886;;
serait;6;1481;21;14;31101;8886;;
air;3;1477;17;9;25109;4431;;
situe;5;1475;18;8;26550;7375;;
ni;2;1475;16;6;23600;2950;;
nos;3;1475;22;8;32450;4425;;
bataille;8;1475;27;14;39825;11800;;
malgre;6;1474;15;5;22110;8844;;
milieu;6;1469;27;14;39663;8814;;
met;3;1457;19;9;27683;4371;;
raison;6;1455;21;11;30555;8730;;
mal;3;1455;17;9;24735;4365;;
donner;6;1447;26;18;37622;8682;;
union;5;1446;22;14;31812;7230;;
enfant;6;1441;22;11;31702;8646;;
produit;7;1440;21;14;30240;10080;;
animal;6;1440;21;11;30240;8640;;
trouver;7;1435;26;14;37310;10045;;
sol;3;1432;18;9;25776;4296;;
theatre;7;1429;26;14;37154;10003;;
aller;5;1429;25;14;35725;7145;;
rien;4;1428;14;5;19992;5712;;
type;4;1422;27;11;38394;5688;;
maison;6;1420;23;11;32660;8520;;
livre;5;1420;23;11;32660;7100;;
ma;2;1407;13;6;18291;2814;;
energie;7;1406;34;21;47804;9842;;
vu;2;1405;18;6;25290;2810;;
soldats;7;1403;27;14;37881;9821;;
palais;6;1403;14;11;19642;8418;;
napoleon;8;1401;21;8;29421;11208;;
frere;5;1398;25;14;34950;6990;;
commune;7;1391;23;17;31993;9737;;
importante;10;1389;29;14;40281;13890;;
espace;6;1386;22;14;30492;8316;;
celebre;7;1382;29;21;40078;9674;;
loi;3;1381;10;9;13810;4143;;
chateau;7;1380;35;21;48300;9660;;
as;2;1378;16;6;22048;2756;;
base;4;1373;28;11;38444;5492;;
meurt;5;1373;27;11;37071;6865;;
parle;5;1367;18;14;24606;6835;;
gens;4;1366;24;12;32784;5464;;
art;3;1365;17;9;23205;4095;;
plut;4;1362;18;12;24516;5448;;
marie;5;1352;21;11;28392;6760;;
films;5;1348;24;14;32352;6740;;
argent;6;1343;24;11;32232;8058;;
droite;6;1342;19;11;25498;8052;;
mes;3;1342;17;8;22814;4026;;
ados;4;1341;31;12;41571;5364;;
ici;3;1341;15;5;20115;4023;;
devenir;7;1339;24;14;32136;9373;;
chose;5;1332;21;14;27972;6660;;
besoin;6;1330;27;11;35910;7980;;
appelee;7;1327;45;21;59715;9289;;
principalement;14;1325;18;11;23850;18550;;
romains;7;1322;35;17;46270;9254;;
longtemps;9;1318;14;11;18452;11862;;
seront;6;1318;22;14;28996;7908;;
coree;5;1315;24;15;31560;6575;;
scientifique;12;1315;24;11;31560;15780;;
espece;6;1314;14;8;18396;7884;;
heures;6;1313;29;11;38077;7878;;
laquelle;8;1310;19;11;24890;10480;;
troisieme;9;1310;24;11;31440;11790;;
uvre;4;1310;21;12;27510;5240;;
rapidement;10;1307;18;8;23526;13070;;
enfin;5;1303;11;5;14333;6515;;
force;5;1302;23;14;29946;6510;;
conseil;7;1301;25;17;32525;9107;;
proche;6;1300;18;14;23400;7800;;
duc;3;1299;12;9;15588;3897;;
nomme;5;1297;24;11;31128;6485;;
produits;8;1296;23;14;29808;10368;;
vivent;6;1294;34;14;43996;7764;;
societe;7;1293;20;11;25860;9051;;
ton;3;1287;20;8;25740;3861;;
texte;5;1286;25;11;32150;6430;;
nationale;9;1279;31;14;39649;11511;;
presente;8;1277;41;24;52357;10216;;
plantes;7;1275;26;17;33150;8925;;
vote;4;1270;27;11;34290;5080;;
er;2;1267;11;6;13937;2534;;
idee;4;1263;24;8;30312;5052;;
allemand;8;1257;26;17;32682;10056;;
parler;6;1255;21;14;26355;7530;;
derniere;8;1253;18;11;22554;10024;;
nouvelles;9;1253;31;14;38843;11277;;
dessus;6;1252;22;14;27544;7512;;
nuit;4;1246;25;8;31150;4984;;
religion;8;1241;27;14;33507;9928;;
saison;6;1241;24;14;29784;7446;;
utilise;7;1240;10;5;12400;8680;;
presque;7;1240;14;8;17360;8680;;
rapport;7;1239;26;11;32214;8673;;
public;6;1238;21;11;25998;7428;;
japon;5;1238;23;11;28474;6190;;
interieur;9;1238;50;27;61900;11142;;
peuple;6;1237;23;14;28451;7422;;
regime;6;1237;32;18;39584;7422;;
maniere;7;1233;36;21;44388;8631;;
arrive;6;1231;18;8;22158;7386;;
reine;5;1229;28;11;34412;6145;;
super;5;1228;18;8;22104;6140;;
sert;4;1227;20;12;24540;4908;;
passer;6;1222;23;14;28106;7332;;
naissance;9;1222;24;11;29328;10998;;
pris;4;1221;15;11;18315;4884;;
plein;5;1213;15;8;18195;6065;;
politiques;10;1211;24;17;29064;12110;;
droits;6;1207;20;11;24140;7242;;
eleves;6;1205;31;18;37355;7230;;
pape;4;1197;21;12;25137;4788;;
xixe;4;1193;30;11;35790;4772;;
simple;6;1192;23;11;27416;7152;;
tant;4;1191;18;8;21438;4764;;
asie;4;1186;25;11;29650;4744;;
latin;5;1185;16;11;18960;5925;;
surface;7;1185;29;14;34365;8295;;
autriche;8;1184;30;14;35520;9472;;
education;9;1183;27;11;31941;10647;;
europeenne;10;1181;31;17;36611;11810;;
nouveaux;8;1180;32;14;37760;9440;;
philippe;8;1180;14;8;16520;9440;;
regne;5;1180;34;15;40120;5900;;
sens;4;1178;22;11;25916;4712;;
noir;4;1172;23;11;26956;4688;;
points;6;1171;18;11;21078;7026;;
utiliser;8;1170;19;8;22230;9360;;
celles;6;1168;21;14;24528;7008;;
service;7;1166;21;14;24486;8162;;
memes;5;1164;27;15;31428;5820;;
uni;3;1162;14;9;16268;3486;;
iles;4;1162;23;11;26726;4648;;
situation;9;1161;21;11;24381;10449;;
construction;12;1161;37;26;42957;13932;;
petites;7;1159;30;20;34770;8113;;
projet;6;1157;19;14;21983;6942;;
gros;4;1156;22;8;25432;4624;;
signifie;8;1151;24;11;27624;9208;;
photo;5;1150;18;11;20700;5750;;
henri;5;1147;18;5;20646;5735;;
vite;4;1146;20;8;22920;4584;;
action;6;1145;21;11;24045;6870;;
displaystyle;12;1139;21;14;23919;13668;;
gauche;6;1135;27;11;30645;6810;;
blanc;5;1132;29;14;32828;5660;;
catholique;10;1129;22;11;24838;11290;;
russe;5;1125;29;11;32625;5625;;
musee;5;1124;27;11;30348;5620;;
facon;5;1123;26;15;29198;5615;;
americain;9;1123;38;27;42674;10107;;
club;4;1123;20;11;22460;4492;;
compose;7;1117;22;14;24574;7819;;
rencontre;9;1112;28;14;31136;10008;;
production;10;1112;24;14;26688;11120;;
date;4;1109;17;11;18853;4436;;
rendre;6;1109;29;14;32161;6654;;
conditions;10;1109;25;17;27725;11090;;
decide;6;1109;21;18;23289;6654;;
retour;6;1108;24;11;26592;6648;;
choses;6;1106;22;14;24332;6636;;
vivre;5;1105;29;11;32045;5525;;
semaine;7;1101;19;11;20919;7707;;
coupe;5;1099;24;14;26376;5495;;
objets;6;1098;26;11;28548;6588;;
fort;4;1096;15;8;16440;4384;;
construit;9;1093;22;14;24046;9837;;
cm;2;1092;19;6;20748;2184;;
allemands;9;1091;28;17;30548;9819;;
terme;5;1084;24;14;26016;5420;;
pu;2;1084;10;6;10840;2168;;
personnage;10;1078;21;14;22638;10780;;
grec;4;1078;23;12;24794;4312;;
culture;7;1078;22;11;23716;7546;;
creation;8;1077;25;14;26925;8616;;
main;4;1075;21;12;22575;4300;;
appeles;7;1073;40;21;42920;7511;;
voit;4;1067;24;12;25608;4268;;
ancienne;8;1063;19;11;20197;8504;;
genre;5;1063;20;8;21260;5315;;
economique;10;1061;44;30;46684;10610;;
romaine;7;1061;34;17;36074;7427;;
aucun;5;1060;22;8;23320;5300;;
forment;7;1060;30;17;31800;7420;;
permettent;10;1057;25;17;26425;10570;;
troupes;7;1056;29;17;30624;7392;;
juste;5;1056;21;8;22176;5280;;
zone;4;1055;23;8;24265;4220;;
mise;4;1055;24;11;25320;4220;;
printemps;9;1051;24;17;25224;9459;;
vitesse;7;1050;26;11;27300;7350;;
majorite;8;1047;28;14;29316;8376;;
vue;3;1047;22;8;23034;3141;;
desormais;9;1043;43;27;44849;9387;;
six;3;1042;16;8;16672;3126;;
elu;3;1041;16;9;16656;3123;;
national;8;1040;29;14;30160;8320;;
vraiment;8;1038;19;5;19722;8304;;
pense;5;1036;18;11;18648;5180;;
actuellement;12;1035;16;8;16560;12420;;
difficile;9;1033;18;11;18594;9297;;
climat;6;1033;25;14;25825;6198;;
classe;6;1033;24;14;24792;6198;;
feu;3;1032;20;8;20640;3096;;
objet;5;1030;20;8;20600;5150;;
idees;5;1030;32;15;32960;5150;;
haute;5;1029;28;11;28812;5145;;
lyon;4;1029;14;8;14406;4116;;
pourrait;8;1027;25;17;25675;8216;;
retrouve;8;1026;39;24;40014;8208;;
coup;4;1025;20;12;20500;4100;;
recherche;9;1023;23;11;23529;9207;;
langues;7;1020;22;14;22440;7140;;
toi;3;1020;21;8;21420;3060;;
v;1;1020;12;3;12240;1020;;
assemblee;9;1019;28;14;28532;9171;;
mots;4;1018;24;12;24432;4072;;
accord;6;1015;25;14;25375;6090;;
eviter;6;1015;37;18;37555;6090;;
aime;4;1013;21;11;21273;4052;;
oiseaux;7;1011;15;8;15165;7077;;
image;5;1010;26;11;26260;5050;;
peux;4;1010;21;12;21210;4040;;
finalement;10;1007;10;5;10070;10070;;
devenu;6;1005;19;11;19095;6030;;
planete;7;1004;27;21;27108;7028;;
version;7;1004;29;14;29116;7028;;
maladie;7;1001;24;11;24024;7007;;
developpement;13;999;56;39;55944;12987;;
carriere;8;999;30;17;29970;7992;;
ocean;5;998;24;11;23952;4990;;
courant;7;997;22;11;21934;6979;;
lois;4;996;15;11;14940;3984;;
terres;6;996;29;17;28884;5976;;
tel;3;995;18;8;17910;2985;;
livres;6;993;25;11;24825;5958;;
gaz;3;992;24;9;23808;2976;;
pratique;8;991;17;11;16847;7928;;
scientifiques;13;990;21;11;20790;12870;;
traite;6;986;23;14;22678;5916;;
travaux;7;985;32;20;31520;6895;;
sauf;4;982;18;8;17676;3928;;
loin;4;981;13;11;12753;3924;;
nature;6;981;30;14;29430;5886;;
egypte;6;977;21;8;20517;5862;;
epouse;6;977;35;18;34195;5862;;
premieres;9;973;20;14;19460;8757;;
moyenne;7;972;27;11;26244;6804;;
combat;6;970;21;14;20370;5820;;
sort;4;962;23;12;22126;3848;;
paix;4;960;16;11;15360;3840;;
fer;3;960;18;9;17280;2880;;
sang;4;958;20;12;19160;3832;;
aider;5;957;23;11;22011;4785;;
cinema;6;957;25;11;23925;5742;;
album;5;957;31;11;29667;4785;;
maintenant;10;956;19;8;18164;9560;;
furent;6;955;19;8;18145;5730;;
militaires;10;955;28;14;26740;9550;;
poissons;8;954;20;11;19080;7632;;
connue;6;952;26;14;24752;5712;;
liberte;7;952;21;11;19992;6664;;
dix;3;951;14;8;13314;2853;;
yeux;4;951;19;8;18069;3804;;
francois;8;950;14;8;13300;7600;;
considere;9;947;23;14;21781;8523;;
quoi;4;946;12;5;11352;3784;;
probleme;8;946;25;14;23650;7568;;
style;5;946;21;11;19866;4730;;
sorte;5;946;27;15;25542;4730;;
etudes;6;945;31;18;29295;5670;;
deputes;7;945;33;21;31185;6615;;
victoire;8;944;31;14;29264;7552;;
groupes;7;943;31;14;29233;6601;;
ecrire;6;941;32;18;30112;5646;;
cite;4;941;19;11;17879;3764;;
organisation;12;940;28;11;26320;11280;;
proteger;8;940;21;14;19740;7520;;
cour;4;937;19;12;17803;3748;;
uvres;5;936;25;15;23400;4680;;
lequel;6;935;20;11;18700;5610;;
liste;5;934;13;8;12142;4670;;
aura;4;933;26;11;24258;3732;;
scene;5;931;18;8;16758;4655;;
harry;5;930;22;8;20460;4650;;
prise;5;930;16;11;14880;4650;;
personnages;11;930;23;14;21390;10230;;
tandis;6;926;19;8;17594;5556;;
plan;4;925;19;11;17575;3700;;
pourtant;8;925;14;8;12950;7400;;
f;1;923;7;3;6461;923;;
direction;9;922;19;11;17518;8298;;
propre;6;921;26;17;23946;5526;;
longue;6;919;16;11;14704;5514;;
independance;12;919;54;36;49626;11028;;
allemande;9;918;29;17;26622;8262;;
represente;10;916;59;30;54044;9160;;
principal;9;916;21;14;19236;8244;;
chacun;6;916;16;8;14656;5496;;
joue;4;914;23;11;21022;3656;;
joueur;6;913;27;14;24651;5478;;
passe;5;912;16;11;14592;4560;;
temperature;11;911;19;11;17309;10021;;
quelque;7;911;26;17;23686;6377;;
sujet;5;910;26;11;23660;4550;;
parties;7;910;27;20;24570;6370;;
centrale;8;910;27;14;24570;7280;;
ufs;3;908;23;9;20884;2724;;
prince;6;905;22;14;19910;5430;;
port;4;904;22;11;19888;3616;;
utilisateur;11;903;34;23;30702;9933;;
populaire;9;898;23;11;20654;8082;;
voix;4;898;25;12;22450;3592;;
autant;6;897;23;11;20631;5382;;
etoile;6;897;29;18;26013;5382;;
elections;9;895;37;27;33115;8055;;
britannique;11;894;30;14;26820;9834;;
presence;8;894;38;24;33972;7152;;
journee;7;892;28;14;24976;6244;;
anciens;7;892;21;11;18732;6244;;
foret;5;892;30;15;26760;4460;;
automne;7;892;30;17;26760;6244;;
sept;4;891;21;11;18711;3564;;
lune;4;891;19;11;16929;3564;;
faisant;7;890;27;14;24030;6230;;
route;5;890;28;11;24920;4450;;
libre;5;888;18;11;15984;4440;;
cree;4;888;16;8;14208;3552;;
rend;4;887;22;12;19514;3548;;
of;2;886;18;6;15948;1772;;
siecles;7;885;40;21;35400;6195;;
football;8;884;22;11;19448;7072;;
morts;5;884;28;14;24752;4420;;
couleurs;8;883;23;14;20309;7064;;
jesus;5;882;31;14;27342;4410;;
cuisine;7;882;22;11;19404;6174;;
wikipedia;9;881;30;11;26430;7929;;
travers;7;880;26;14;22880;6160;;
meilleur;8;879;20;11;17580;7032;;
londres;7;878;15;11;13170;6146;;
antiquite;9;878;30;17;26340;7902;;
second;6;877;20;11;17540;5262;;
credit;6;875;23;14;20125;5250;;
avis;4;875;26;11;22750;3500;;
attaque;7;874;25;14;21850;6118;;
vivant;6;872;30;11;26160;5232;;
elements;8;872;34;24;29648;6976;;
new;3;871;19;8;16549;2613;;
amis;4;871;23;11;20033;3484;;
europeens;9;871;32;17;27872;7839;;
i;1;870;10;3;8700;870;;
roman;5;870;27;11;23490;4350;;
informations;12;869;35;14;30415;10428;;
dieux;5;868;26;14;22568;4340;;
moitie;6;867;22;11;19074;5202;;
arrivee;7;867;26;14;22542;6069;;
depart;6;865;28;18;24220;5190;;
jouer;5;863;25;11;21575;4315;;
forte;5;863;24;14;20712;4315;;
joueurs;7;862;29;14;24998;6034;;
femelle;7;861;22;11;18942;6027;;
fais;4;856;12;5;10272;3424;;
sait;4;856;19;12;16264;3424;;
peau;4;855;20;11;17100;3420;;
bretagne;8;854;30;14;25620;6832;;
problemes;9;851;26;14;22126;7659;;
demi;4;851;15;12;12765;3404;;
nee;3;850;23;9;19550;2550;;
emission;8;850;32;24;27200;6800;;
britanniques;12;848;31;14;26288;10176;;
domaine;7;847;20;14;16940;5929;;
insectes;8;846;29;14;24534;6768;;
video;5;845;27;11;22815;4225;;
americaine;10;845;41;30;34645;8450;;
commun;6;843;24;18;20232;5058;;
source;6;843;27;14;22761;5058;;
auteur;6;842;25;14;21050;5052;;
obtenir;7;841;22;11;18502;5887;;
juifs;5;839;24;11;20136;4195;;
contrairement;13;837;15;8;12555;10881;;
seuls;5;836;17;8;14212;4180;;
pieces;6;835;28;18;23380;5010;;
finale;6;835;25;17;20875;5010;;
heure;5;833;28;11;23324;4165;;
siege;5;833;27;15;22491;4165;;
modele;6;830;23;11;19090;4980;;
nourriture;10;829;30;14;24870;8290;;
pont;4;829;21;11;17409;3316;;
longueur;8;827;20;14;16540;6616;;
contient;8;827;28;20;23156;6616;;
toutefois;9;825;15;5;12375;7425;;
obtient;7;821;27;14;22167;5747;;
utilisee;8;820;39;24;31980;6560;;
pouvait;7;820;25;14;20500;5740;;
ciel;4;813;17;11;13821;3252;;
message;7;813;24;11;19512;5691;;
physique;8;812;21;11;17052;6496;;
arbres;6;812;31;11;25172;4872;;
comprendre;10;811;26;17;21086;8110;;
tels;4;810;22;11;17820;3240;;
territoires;11;810;32;20;25920;8910;;
fond;4;810;20;12;16200;3240;;
recoit;6;808;34;18;27472;4848;;
regles;6;806;38;18;30628;4836;;
images;6;806;30;17;24180;4836;;
altitude;8;806;24;11;19344;6448;;
peuples;7;806;27;14;21762;5642;;
election;8;805;33;24;26565;6440;;
pattes;6;805;22;14;17710;4830;;
concours;8;803;27;17;21681;6424;;
puissance;9;803;25;17;20075;7227;;
match;5;802;23;11;18446;4010;;
particulierement;16;802;23;17;18446;12832;;
filles;6;802;22;14;17644;4812;;
voici;5;800;22;8;17600;4000;;
familles;8;800;20;11;16000;6400;;
bout;4;800;27;12;21600;3200;;
communes;8;800;26;17;20800;6400;;
jacques;7;799;19;8;15181;5593;;
humains;7;799;31;14;24769;5593;;
p;1;797;4;3;3188;797;;
aucune;6;796;22;11;17512;4776;;
semaines;8;794;23;14;18262;6352;;
franco;6;794;26;17;20644;4764;;
avons;5;793;29;14;22997;3965;;
temple;6;793;20;11;15860;4758;;
derniers;8;792;25;14;19800;6336;;
internet;8;792;26;11;20592;6336;;
parc;4;792;18;12;14256;3168;;
fete;4;791;27;12;21357;3164;;
armes;5;790;27;11;21330;3950;;
mode;4;789;21;11;16569;3156;;
present;7;788;38;21;29944;5516;;
occasion;8;788;27;14;21276;6304;;
sport;5;787;23;11;18101;3935;;
endroit;7;787;21;14;16527;5509;;
rois;4;787;22;11;17314;3148;;
mariage;7;785;31;17;24335;5495;;
activite;8;784;24;11;18816;6272;;
electrique;10;784;40;30;31360;7840;;
activites;9;783;32;17;25056;7047;;
chretiens;9;783;44;27;34452;7047;;
manger;6;780;23;11;17940;4680;;
quel;4;779;18;11;14022;3116;;
discuter;8;778;19;14;14782;6224;;
voire;5;777;25;11;19425;3885;;
noire;5;776;25;11;19400;3880;;
realite;7;776;42;21;32592;5432;;
valeur;6;775;32;17;24800;4650;;
eme;3;775;11;9;8525;2325;;
province;8;775;29;20;22475;6200;;
comprend;8;775;32;20;24800;6200;;
directement;11;774;23;14;17802;8514;;
ecoles;6;772;26;18;20072;4632;;
americains;10;771;42;30;32382;7710;;
urss;4;770;18;12;13860;3080;;
creee;5;770;18;8;13860;3850;;
reseau;6;770;31;18;23870;4620;;
matiere;7;769;26;14;19994;5383;;
religieux;9;769;30;17;23070;6921;;
dynastie;8;769;17;8;13073;6152;;
association;11;767;30;14;23010;8437;;
types;5;766;29;11;22214;3830;;
autoroute;9;766;35;17;26810;6894;;
univers;7;765;25;14;19125;5355;;
lire;4;765;17;11;13005;3060;;
acces;5;763;18;8;13734;3815;;
chaine;6;763;23;14;17549;4578;;
chasse;6;761;28;14;21308;4566;;
montagnes;9;761;29;17;22069;6849;;
facilement;10;760;21;11;15960;7600;;
kilometres;10;760;26;11;19760;7600;;
minutes;7;760;32;17;24320;5320;;
village;7;758;33;17;25014;5306;;
questions;9;757;21;14;15897;6813;;
ta;2;756;14;6;10584;1512;;
programme;9;756;23;14;17388;6804;;
feuilles;8;755;26;11;19630;6040;;
etoiles;7;754;33;21;24882;5278;;
passage;7;753;24;17;18072;5271;;
chemin;6;753;21;14;15813;4518;;
salle;5;751;21;11;15771;3755;;
cathedrale;10;749;21;11;15729;7490;;
entree;6;748;25;14;18700;4488;;
mont;4;748;21;12;15708;2992;;
code;4;748;18;11;13464;2992;;
pression;8;747;21;14;15687;5976;;
principaux;10;747;23;14;17181;7470;;
masse;5;746;29;14;21634;3730;;
raconte;7;744;24;11;17856;5208;;
lieux;5;744;16;11;11904;3720;;
designe;7;742;26;21;19292;5194;;
sante;5;742;20;11;14840;3710;;
large;5;742;18;11;13356;3710;;
simplement;10;741;24;11;17784;7410;;
blanche;7;740;30;14;22200;5180;;
former;6;740;28;18;20720;4440;;
fleuve;6;740;23;11;17020;4440;;
wp;2;740;26;6;19240;1480;;
grecs;5;739;26;14;19214;3695;;
superficie;10;738;34;20;25092;7380;;
york;4;737;25;8;18425;2948;;
poste;5;737;24;14;17688;3685;;
manque;6;736;27;14;19872;4416;;
hauteur;7;735;37;17;27195;5145;;
japonais;8;735;24;11;17640;5880;;
fonctions;9;734;32;17;23488;6606;;
humain;6;734;30;14;22020;4404;;
inde;4;734;26;12;19084;2936;;
moyens;6;734;26;11;19084;4404;;
mesures;7;734;26;14;19084;5138;;
garde;5;734;19;8;13946;3670;;
suisse;6;733;28;14;20524;4398;;
quartier;8;732;25;14;18300;5856;;
importants;10;732;34;17;24888;7320;;
commerce;8;732;28;20;20496;5856;;
apparait;8;732;31;14;22692;5856;;
lutte;5;732;16;11;11712;3660;;
trouvent;8;731;36;23;26316;5848;;
samedi;6;731;27;11;19737;4386;;
importantes;11;730;43;23;31390;8030;;
montre;6;729;27;14;19683;4374;;
semble;6;727;16;11;11632;4362;;
puisque;7;727;16;8;11632;5089;;
construire;10;727;32;20;23264;7270;;
entier;6;726;23;14;16698;4356;;
belge;5;726;31;14;22506;3630;;
voie;4;724;22;12;15928;2896;;
atteint;7;722;27;17;19494;5054;;
train;5;722;25;15;18050;3610;;
chanson;7;722;26;17;18772;5054;;
communaute;10;722;32;23;23104;7220;;
xxe;3;722;30;8;21660;2166;;
continue;8;721;20;11;14420;5768;;
kg;2;720;25;6;18000;1440;;
atteindre;9;719;28;17;20132;6471;;
duree;5;719;18;11;12942;3595;;
participe;9;719;30;23;21570;6471;;
fruits;6;719;21;11;15099;4314;;
avance;6;716;25;11;17900;4296;;
proches;7;716;22;14;15752;5012;;
voyage;6;716;33;14;23628;4296;;
propose;7;714;22;14;15708;4998;;
votre;5;714;16;5;11424;3570;;
russes;6;714;28;11;19992;4284;;
veulent;7;713;28;11;19964;4991;;
course;6;713;27;17;19251;4278;;
travailler;10;713;23;11;16399;7130;;
connait;7;712;32;21;22784;4984;;
lac;3;712;11;9;7832;2136;;
position;8;710;20;11;14200;5680;;
police;6;710;15;8;10650;4260;;
marque;6;709;26;14;18434;4254;;
du;2;708;8;6;5664;1416;;
decision;8;707;33;24;23331;5656;;
paysans;7;707;22;14;15554;4949;;
partout;7;706;19;14;13414;4942;;
belle;5;706;26;8;18356;3530;;
montagne;8;706;34;20;24004;5648;;
protection;10;704;25;14;17600;7040;;
grece;5;703;28;15;19684;3515;;
riche;5;702;25;11;17550;3510;;
chat;4;701;22;12;15422;2804;;
maitre;6;701;26;14;18226;4206;;
actuelle;8;701;27;14;18927;5608;;
composee;8;700;24;14;16800;5600;;
iv;2;698;20;6;13960;1396;;
laisse;6;697;13;8;9061;4182;;
compagnie;9;696;26;20;18096;6264;;
explique;8;695;23;11;15985;5560;;
unique;6;695;17;8;11815;4170;;
securite;8;695;37;24;25715;5560;;
armees;6;695;39;18;27105;4170;;
eaux;4;694;17;8;11798;2776;;
poids;5;693;19;14;13167;3465;;
appel;5;693;32;14;22176;3465;;
lignes;6;692;17;11;11764;4152;;
pied;4;692;19;11;13148;2768;;
ait;3;690;15;9;10350;2070;;
soient;6;688;24;11;16512;4128;;
sur;3;687;13;5;8931;2061;;
michel;6;686;20;8;13720;4116;;
universite;10;686;21;11;14406;6860;;
permettre;9;685;33;23;22605;6165;;
facile;6;685;19;11;13015;4110;;
bord;4;685;27;12;18495;2740;;
membre;6;685;18;11;12330;4110;;
heros;5;685;34;15;23290;3425;;
grecque;7;684;28;14;19152;4788;;
cheval;6;683;27;14;18441;4098;;
paul;4;683;19;11;12977;2732;;
tr;2;682;13;6;8866;1364;;
dure;4;681;17;11;11577;2724;;
g;1;681;12;3;8172;681;;
utilises;8;680;36;24;24480;5440;;
parlement;9;680;25;20;17000;6120;;
necessaire;10;680;16;5;10880;6800;;
fleurs;6;679;22;11;14938;4074;;
piece;5;678;22;14;14916;3390;;
utilisateurs;12;678;38;26;25764;8136;;
uniquement;10;677;15;8;10155;6770;;
utilisation;11;677;33;23;22341;7447;;
quantite;8;677;24;14;16248;5416;;
decouvert;9;676;38;27;25688;6084;;
decide;6;676;21;18;14196;4056;;
crise;5;675;18;11;12150;3375;;
chinois;7;674;22;14;14828;4718;;
permis;6;673;18;14;12114;4038;;
symbole;7;673;22;8;14806;4711;;
peur;4;669;19;12;12711;2676;;
attention;9;668;19;8;12692;6012;;
royal;5;666;31;11;20646;3330;;
noms;4;666;23;12;15318;2664;;
principale;10;665;29;20;19285;6650;;
influence;9;665;28;11;18620;5985;;
risque;6;664;23;11;15272;3984;;
pages;5;663;14;11;9282;3315;;
interdit;8;662;25;11;16550;5296;;
regarder;8;661;38;24;25118;5288;;
entreprises;11;660;29;20;19140;7260;;
constitution;12;660;41;29;27060;7920;;
economie;8;660;36;24;23760;5280;;
marins;6;659;30;18;19770;3954;;
faible;6;659;20;14;13180;3954;;
actuel;6;658;28;14;18424;3948;;
compris;7;657;19;11;12483;4599;;
journal;7;657;27;14;17739;4599;;
justice;7;657;31;14;20367;4599;;
formes;6;656;29;17;19024;3936;;
jaune;5;655;25;11;16375;3275;;
forces;6;655;26;14;17030;3930;;
guerres;7;654;31;14;20274;4578;;
commence;8;654;21;14;13734;5232;;
artistes;8;653;26;14;16978;5224;;
resistance;10;653;47;30;30691;6530;;
occupe;6;651;26;11;16926;3906;;
musulmans;9;651;27;14;17577;5859;;
entreprise;10;651;28;20;18228;6510;;
changer;7;650;24;14;15600;4550;;
arbre;5;650;30;11;19500;3250;;
formation;9;650;27;17;17550;5850;;
bleu;4;648;23;11;14904;2592;;
technique;9;647;22;11;14234;5823;;
moderne;7;645;26;14;16770;4515;;
froid;5;644;18;11;11592;3220;;
sortie;6;643;25;11;16075;3858;;
royale;6;643;32;11;20576;3858;;
noirs;5;643;24;11;15432;3215;;
tombe;5;643;23;11;14789;3215;;
camp;4;642;21;12;13482;2568;;
rh;2;642;25;6;16050;1284;;
mains;5;641;21;11;13461;3205;;
citoyens;8;641;24;14;15384;5128;;
culte;5;641;26;14;16666;3205;;
professeur;10;641;19;11;12179;6410;;
devait;6;641;23;14;14743;3846;;
xviiie;6;641;37;18;23717;3846;;
internationale;14;640;37;20;23680;8960;;
techniques;10;638;34;20;21692;6380;;
situe;5;637;18;8;11466;3185;;
hors;4;637;22;8;14014;2548;;
pouvoirs;8;636;27;17;17172;5088;;
plante;6;636;20;14;12720;3816;;
historique;10;634;29;11;18386;6340;;
milliers;8;633;30;17;18990;5064;;
dispose;7;633;26;17;16458;4431;;
tente;5;633;28;14;17724;3165;;
resultat;8;632;41;24;25912;5056;;
decouverte;10;629;41;30;25789;6290;;
faisait;7;628;27;17;16956;4396;;
affaires;8;626;30;14;18780;5008;;
vent;4;626;24;12;15024;2504;;
rester;6;625;24;11;15000;3750;;
virus;5;625;30;11;18750;3125;;
italien;7;625;19;8;11875;4375;;
raisons;7;624;25;11;15600;4368;;
freres;6;623;34;18;21182;3738;;
chute;5;623;23;11;14329;3115;;
derriere;8;623;17;11;10591;4984;;
terrain;7;622;26;17;16172;4354;;
dessous;7;622;20;14;12440;4354;;
agriculture;11;622;28;14;17416;6842;;
principe;8;621;30;20;18630;4968;;
produire;8;621;32;20;19872;4968;;
distance;8;621;21;14;13041;4968;;
sovietique;10;621;24;11;14904;6210;;
textes;6;621;23;11;14283;3726;;
etres;5;620;25;15;15500;3100;;
es;2;619;9;6;5571;1238;;
honneur;7;618;29;11;17922;4326;;
ligue;5;618;18;11;11124;3090;;
chambre;7;617;22;14;13574;4319;;
queue;5;617;24;14;14808;3085;;
seine;5;617;23;14;14191;3085;;
imp;3;615;20;9;12300;1845;;
catholiques;11;615;29;14;17835;6765;;
canada;6;614;27;14;16578;3684;;
arabe;5;613;22;11;13486;3065;;
marine;6;613;26;14;15938;3678;;
atlantique;10;613;27;11;16551;6130;;
espagnol;8;612;24;14;14688;4896;;
aupres;6;612;28;11;17136;3672;;
alpes;5;611;26;14;15886;3055;;
eleve;5;610;22;15;13420;3050;;
choix;5;610;22;15;13420;3050;;
xiv;3;610;29;9;17690;1830;;
francaises;10;609;44;30;26796;6090;;
sorti;5;609;24;11;14616;3045;;
riches;6;609;31;14;18879;3654;;
theorie;7;609;40;21;24360;4263;;
services;8;608;23;14;13984;4864;;
charge;6;608;25;14;15200;3648;;
decouvrir;9;607;37;27;22459;5463;;
nouvel;6;607;30;14;18210;3642;;
defense;7;606;21;11;12726;4242;;
comporte;8;605;33;20;19965;4840;;
huit;4;605;22;8;13310;2420;;
bruxelles;9;604;27;11;16308;5436;;
retrouver;9;604;29;14;17516;5436;;
male;4;604;23;12;13892;2416;;
laisser;7;603;26;21;15678;4221;;
connus;6;603;29;17;17487;3618;;
portugal;8;603;28;17;16884;4824;;
rapide;6;602;29;14;17458;3612;;
ecriture;8;600;37;24;22200;4800;;
legende;7;600;27;21;16200;4200;;
autrefois;9;599;26;11;15574;5391;;
parvient;8;598;26;17;15548;4784;;
potter;6;598;26;14;15548;3588;;
arriere;7;597;33;21;19701;4179;;
divers;6;597;19;11;11343;3582;;
maisons;7;596;25;14;14900;4172;;
adore;5;593;33;14;19569;2965;;
presse;6;592;20;14;11840;3552;;
riviere;7;592;27;11;15984;4144;;
tuer;4;592;21;8;12432;2368;;
tes;3;591;15;8;8865;1773;;
transport;9;591;27;14;15957;5319;;
sainte;6;591;20;11;11820;3546;;
officielle;10;589;37;20;21793;5890;;
contraire;9;589;39;26;22971;5301;;
ami;3;589;18;9;10602;1767;;
mediterranee;12;588;64;36;37632;7056;;
importance;10;588;35;17;20580;5880;;
international;13;587;30;14;17610;7631;;
industrie;9;587;33;14;19371;5283;;
nombres;7;586;29;14;16994;4102;;
recu;4;586;24;12;14064;2344;;
fortement;9;586;25;14;14650;5274;;
connaitre;9;585;36;23;21060;5265;;
certain;7;585;22;11;12870;4095;;
existence;9;585;38;23;22230;5265;;
enseignement;12;585;21;11;12285;7020;;
al;2;584;12;6;7008;1168;;
amour;5;584;24;11;14016;2920;;
progressivement;15;584;18;11;10512;8760;;
autorite;8;584;38;20;22192;4672;;
ch;2;584;10;6;5840;1168;;
ressemble;9;584;27;14;15768;5256;;
defaite;7;584;30;21;17520;4088;;
mission;7;584;25;11;14600;4088;;
campagne;8;584;26;14;15184;4672;;
oui;3;583;12;5;6996;1749;;
statut;6;581;28;14;16268;3486;;
administration;14;580;53;32;30740;8120;;
partis;6;577;22;18;12694;3462;;
cousin;6;577;26;14;15002;3462;;
generale;8;576;42;24;24192;4608;;
batiments;9;576;50;27;28800;5184;;
mathematiques;13;575;68;39;39100;7475;;
etats;5;575;21;11;12075;2875;;
neanmoins;9;575;48;27;27600;5175;;
correspond;10;574;26;14;14924;5740;;
capable;7;574;26;11;14924;4018;;
poisson;7;574;17;11;9758;4018;;
vivants;7;574;36;14;20664;4018;;
participer;10;573;29;23;16617;5730;;
chaleur;7;573;26;14;14898;4011;;
vallee;6;573;28;14;16044;3438;;
donnees;7;572;38;21;21736;4004;;
navires;7;572;31;11;17732;4004;;
nourrit;7;572;38;21;21736;4004;;
consiste;8;571;31;20;17701;4568;;
cellules;8;571;23;17;13133;4568;;
frontiere;9;570;19;11;10830;5130;;
lettres;7;569;18;11;10242;3983;;
doute;5;569;23;14;13087;2845;;
orient;6;568;29;18;16472;3408;;
radio;5;568;24;11;13632;2840;;
carte;5;568;26;14;14768;2840;;
mur;3;567;21;9;11907;1701;;
categorie;9;567;23;11;13041;5103;;
milliards;9;567;29;17;16443;5103;;
zones;5;567;26;11;14742;2835;;
forme;5;566;25;14;14150;2830;;
provoque;8;566;22;14;12452;4528;;
dimanche;8;565;19;11;10735;4520;;
danger;6;565;20;14;11300;3390;;
decouvre;8;565;34;24;19210;4520;;
utilisent;9;565;36;23;20340;5085;;
mouvements;10;565;27;14;15255;5650;;
regulierement;13;564;64;39;36096;7332;;
prison;6;564;21;14;11844;3384;;
experience;10;564;28;14;15792;5640;;
sortes;6;564;32;18;18048;3384;;
allies;6;564;29;14;16356;3384;;
viennent;8;563;23;8;12949;4504;;
sais;4;563;20;12;11260;2252;;
tours;5;563;28;14;15764;2815;;
importe;7;563;30;14;16890;3941;;
deviennent;10;563;26;14;14638;5630;;
servir;6;562;25;14;14050;3372;;
comte;5;562;22;14;12364;2810;;
numero;6;561;22;8;12342;3366;;
qualite;7;560;25;14;14000;3920;;
australie;9;560;33;17;18480;5040;;
viande;6;558;28;11;15624;3348;;
science;7;557;23;11;12811;3899;;
forets;6;557;34;17;18938;3342;;
permettant;10;557;21;14;11697;5570;;
principales;11;557;37;26;20609;6127;;
nomme;5;557;24;11;13368;2785;;
adultes;7;556;29;11;16124;3892;;
bourgogne;9;556;36;20;20016;5004;;
sexualite;9;556;31;17;17236;5004;;
mario;5;555;28;15;15540;2775;;
signe;5;554;20;11;11080;2770;;
pologne;7;554;21;14;11634;3878;;
relations;9;554;29;14;16066;4986;;
metier;6;554;31;18;17174;3324;;
victimes;8;551;31;17;17081;4408;;
antique;7;551;29;17;15979;3857;;
quelqu;6;550;24;18;13200;3300;;
bande;5;550;21;8;11550;2750;;
chien;5;550;22;14;12100;2750;;
esclaves;8;550;19;11;10450;4400;;
quitte;6;550;19;11;10450;3300;;
peine;5;549;18;11;9882;2745;;
fil;3;549;14;9;7686;1647;;
ukraine;7;549;24;8;13176;3843;;
anciennes;9;549;26;14;14274;4941;;
apprendre;9;548;35;17;19180;4932;;
suivante;8;548;31;17;16988;4384;;
sciences;8;548;20;11;10960;4384;;
chefs;5;547;21;14;11487;2735;;
apparition;10;547;38;20;20786;5470;;
fit;3;547;17;9;9299;1641;;
joseph;6;547;20;8;10940;3282;;
puisqu;6;546;26;18;14196;3276;;
classique;9;546;33;20;18018;4914;;
environnement;13;545;30;17;16350;7085;;
rue;3;545;27;8;14715;1635;;
extreme;7;545;29;17;15805;3815;;
seigneur;8;545;17;11;9265;4360;;
aime;4;544;21;11;11424;2176;;
contenu;7;544;32;20;17408;3808;;
suivant;7;543;20;8;10860;3801;;
vol;3;543;20;9;10860;1629;;
fondee;6;543;17;8;9231;3258;;
communiste;10;543;36;26;19548;5430;;
difference;10;542;46;30;24932;5420;;
totalement;10;542;25;11;13550;5420;;
demander;8;541;24;17;12984;4328;;
sujets;6;541;27;11;14607;3246;;
salut;5;541;16;8;8656;2705;;
rouges;6;540;30;14;16200;3240;;
provinces;9;539;28;20;15092;4851;;
mondial;7;538;26;14;13988;3766;;
naturel;7;536;31;14;16616;3752;;
devenue;7;536;21;11;11256;3752;;
bras;4;536;27;12;14472;2144;;
xvie;4;536;32;12;17152;2144;;
bresil;6;536;36;18;19296;3216;;
etude;5;535;27;15;14445;2675;;
maladies;8;535;32;20;17120;4280;;
hitler;6;535;22;8;11770;3210;;
beau;4;534;25;8;13350;2136;;
celebres;8;533;35;24;18655;4264;;
simon;5;533;21;11;11193;2665;;
sommet;6;532;29;14;15428;3192;;
alexandre;9;532;18;11;9576;4788;;
langage;7;531;20;14;10620;3717;;
realise;7;531;41;21;21771;3717;;
senat;5;531;24;15;12744;2655;;
bonaparte;9;531;30;11;15930;4779;;
expression;10;531;26;14;13806;5310;;
moteur;6;530;25;11;13250;3180;;
pouvaient;9;530;26;17;13780;4770;;
diverses;8;529;20;11;10580;4232;;
difficultes;11;529;24;17;12696;5819;;
canal;5;529;22;11;11638;2645;;
equipes;7;529;41;21;21689;3703;;
avions;6;528;31;14;16368;3168;;
usage;5;528;21;11;11088;2640;;
restent;7;528;30;14;15840;3696;;
perd;4;528;16;12;8448;2112;;
construite;10;528;24;14;12672;5280;;
stade;5;528;24;14;12672;2640;;
revient;7;527;33;14;17391;3689;;
information;11;527;34;14;17918;5797;;
k;1;527;15;3;7905;527;;
disparu;7;526;20;14;10520;3682;;
objectif;8;525;19;8;9975;4200;;
mammiferes;10;525;33;14;17325;5250;;
combats;7;525;23;14;12075;3675;;
quatrieme;9;524;25;14;13100;4716;;
basse;5;524;34;14;17816;2620;;
ouverture;9;524;25;11;13100;4716;;
servent;7;524;28;17;14672;3668;;
quelle;6;523;19;11;9937;3138;;
lance;5;523;14;11;7322;2615;;
veux;4;523;28;12;14644;2092;;
litterature;11;523;19;11;9937;5753;;
lille;5;523;23;11;12029;2615;;
competition;11;522;48;33;25056;5742;;
total;5;522;24;11;12528;2610;;
suivre;6;521;31;17;16151;3126;;
loup;4;521;19;12;9899;2084;;
malheureusement;15;520;21;11;10920;7800;;
rejoint;7;520;37;14;19240;3640;;
lait;4;520;16;12;8320;2080;;
outils;6;520;25;11;13000;3120;;
marche;6;520;26;14;13520;3120;;
donnent;7;517;31;20;16027;3619;;
batiment;8;516;46;24;23736;4128;;
lien;4;516;17;11;8772;2064;;
voiture;7;515;28;14;14420;3605;;
envie;5;515;25;14;12875;2575;;
maire;5;515;22;11;11330;2575;;
ecrivain;8;514;39;24;20046;4112;;
olympiques;10;514;24;11;12336;5140;;
refuse;6;513;29;11;14877;3078;;
civile;6;512;24;11;12288;3072;;
vert;4;512;25;12;12800;2048;;
venir;5;511;29;14;14819;2555;;
double;6;511;19;11;9709;3066;;
faite;5;510;21;15;10710;2550;;
in;2;510;16;6;8160;1020;;
edition;7;509;23;11;11707;3563;;
ts;2;509;15;6;7635;1018;;
electricite;11;509;45;33;22905;5599;;
john;4;509;18;8;9162;2036;;
avion;5;508;28;11;14224;2540;;
ailes;5;508;20;11;10160;2540;;
possedent;9;508;50;27;25400;4572;;
utc;3;508;20;9;10160;1524;;
jeunesse;8;507;27;14;13689;4056;;
cirque;6;507;24;11;12168;3042;;
exterieur;9;507;47;27;23829;4563;;
prennent;8;507;22;17;11154;4056;;
oubliee;7;507;48;21;24336;3549;;
change;6;506;22;14;11132;3036;;
mythologie;10;506;28;11;14168;5060;;
adulte;6;506;26;11;13156;3036;;
actions;7;505;28;17;14140;3535;;
sources;7;505;30;14;15150;3535;;
solaire;7;505;29;14;14645;3535;;
sein;4;505;18;12;9090;2020;;
unite;5;504;16;8;8064;2520;;
dessin;6;504;26;17;13104;3024;;
francs;6;504;26;18;13104;3024;;
champion;8;504;21;14;10584;4032;;
communistes;11;504;34;23;17136;5544;;
soir;4;503;22;12;11066;2012;;
essentiellement;15;502;21;11;10542;7530;;
athenes;7;502;22;11;11044;3514;;
chaud;5;501;25;14;12525;2505;;
officiellement;14;501;21;8;10521;7014;;
cesar;5;501;20;15;10020;2505;;
annonce;7;500;25;14;12500;3500;;
gagner;6;499;23;11;11477;2994;;
conflit;7;499;25;17;12475;3493;;
protestants;11;499;26;17;12974;5489;;
arc;3;499;19;9;9481;1497;;
tiers;5;499;24;14;11976;2495;;
europeen;8;498;43;24;21414;3984;;
oiseau;6;498;14;8;6972;2988;;
germanique;10;498;34;14;16932;4980;;
central;7;498;22;11;10956;3486;;
deroule;7;497;34;21;16898;3479;;
court;5;497;24;15;11928;2485;;
defendre;8;497;34;24;16898;3976;;
matin;5;496;27;14;13392;2480;;
veritable;9;496;48;27;23808;4464;;
cadre;5;496;23;11;11408;2480;;
monarchie;9;496;28;14;13888;4464;;
pensent;7;495;31;20;15345;3465;;
marche;6;495;26;14;12870;2970;;
danse;5;495;20;11;9900;2475;;
originaire;10;495;19;8;9405;4950;;
biens;5;495;30;15;14850;2475;;
voter;5;495;26;11;12870;2475;;
sucre;5;495;26;11;12870;2475;;
pourra;6;494;24;18;11856;2964;;
opposition;10;494;35;20;17290;4940;;
neuf;4;494;17;8;8398;1976;;
operation;9;494;22;8;10868;4446;;
dangereux;9;493;21;14;10353;4437;;
division;8;492;22;11;10824;3936;;
belges;6;492;32;14;15744;2952;;
futur;5;492;22;11;10824;2460;;
machine;7;492;27;14;13284;3444;;
porter;6;491;20;11;9820;2946;;
meilleure;9;491;21;11;10311;4419;;
publie;6;490;17;11;8330;2940;;
choisi;6;490;24;14;11760;2940;;
autorites;9;490;40;23;19600;4410;;
decisions;9;489;37;27;18093;4401;;
rares;5;488;28;11;13664;2440;;
architecture;12;488;35;20;17080;5856;;
contact;7;487;26;17;12662;3409;;
front;5;486;24;14;11664;2430;;
ordinateur;10;485;26;14;12610;4850;;
encyclopedie;12;485;21;14;10185;5820;;
probablement;12;484;17;11;8228;5808;;
television;10;484;23;14;11132;4840;;
ceci;4;484;20;11;9680;1936;;
liquide;7;484;18;11;8712;3388;;
convention;10;484;27;14;13068;4840;;
continent;9;484;33;23;15972;4356;;
sortir;6;483;30;14;14490;2898;;
departements;12;483;50;36;24150;5796;;
wiki;4;483;29;12;14007;1932;;
entierement;11;481;22;14;10582;5291;;
os;2;481;15;6;7215;962;;
esprit;6;480;21;11;10080;2880;;
melange;7;480;36;21;17280;3360;;
eut;3;480;19;9;9120;1440;;
tradition;9;479;29;14;13891;4311;;
occidentale;11;479;27;14;12933;5269;;
males;5;479;27;15;12933;2395;;
mexique;7;479;26;11;12454;3353;;
bateau;6;478;30;14;14340;2868;;
guillaume;9;478;17;5;8126;4302;;
travaille;9;478;28;14;13384;4302;;
sable;5;478;23;11;10994;2390;;
phenomene;9;477;50;27;23850;4293;;
faits;5;477;22;15;10494;2385;;
perdu;5;477;19;11;9063;2385;;
puisse;6;477;24;17;11448;2862;;
trouve;6;476;19;8;9044;2856;;
pacifique;9;476;19;11;9044;4284;;
gris;4;476;25;12;11900;1904;;
partisans;9;476;27;20;12852;4284;;
eleve;5;475;22;15;10450;2375;;
euros;5;475;27;14;12825;2375;;
longues;7;475;21;14;9975;3325;;
loire;5;475;17;11;8075;2375;;
colonies;8;475;31;20;14725;3800;;
champs;6;474;25;18;11850;2844;;
modifier;8;473;34;23;16082;3784;;
pain;4;473;19;12;8987;1892;;
vieux;5;473;25;11;11825;2365;;
indique;7;472;28;11;13216;3304;;
souhaite;8;472;27;14;12744;3776;;
massif;6;472;31;14;14632;2832;;
renaissance;11;472;30;14;14160;5192;;
xviie;5;472;35;15;16520;2360;;
clerge;6;472;22;11;10384;2832;;
populations;11;472;27;14;12744;5192;;
pouvez;6;472;26;17;12272;2832;;
ecologie;8;471;32;24;15072;3768;;
rare;4;471;30;11;14130;1884;;
mi;2;471;14;6;6594;942;;
elus;4;471;22;12;10362;1884;;
eglises;7;471;38;21;17898;3297;;
fonctionnement;14;471;47;29;22137;6594;;
vi;2;470;16;6;7520;940;;
remporte;8;469;30;17;14070;3752;;
monnaie;7;468;26;14;12168;3276;;
rejoindre;9;468;43;23;20124;4212;;
oppose;6;468;19;8;8892;2808;;
quant;5;468;19;11;8892;2340;;
joue;4;466;23;11;10718;1864;;
installer;9;466;41;26;19106;4194;;
temoigne;8;466;36;24;16776;3728;;
pauvres;7;466;22;11;10252;3262;;
candidat;8;466;21;11;9786;3728;;
entrer;6;465;28;17;13020;2790;;
constantinople;14;465;33;20;15345;6510;;
assurer;7;465;37;20;17205;3255;;
deesse;6;465;37;18;17205;2790;;
nourrir;7;464;32;14;14848;3248;;
interet;7;464;45;21;20880;3248;;
nicolas;7;463;21;8;9723;3241;;
aventures;9;462;30;14;13860;4158;;
apparaissent;12;462;33;14;15246;5544;;
uf;2;462;18;6;8316;924;;
noblesse;8;462;29;11;13398;3696;;
terrestre;9;462;31;17;14322;4158;;
papier;6;461;26;14;11986;2766;;
auguste;7;461;26;11;11986;3227;;
algerie;7;461;32;21;14752;3227;;
eteint;6;461;33;18;15213;2766;;
religieuse;10;460;32;17;14720;4600;;
constitue;9;460;29;20;13340;4140;;
remporte;8;460;30;17;13800;3680;;
calendrier;10;459;21;14;9639;4590;;
realiser;8;459;45;24;20655;3672;;
sites;5;459;24;14;11016;2295;;
tableau;7;459;22;11;10098;3213;;
blancs;6;459;31;14;14229;2754;;
tient;5;458;23;11;10534;2290;;
espagnols;9;458;25;14;11450;4122;;
termine;7;458;19;8;8702;3206;;
developper;10;457;46;30;21022;4570;;
lutter;6;457;18;11;8226;2742;;
etend;5;457;27;15;12339;2285;;
dos;3;455;16;9;7280;1365;;
installe;8;455;26;11;11830;3640;;
mange;5;455;20;11;9100;2275;;
couple;6;455;27;17;12285;2730;;
somme;5;453;23;11;10419;2265;;
ministres;9;453;28;14;12684;4077;;
alliance;8;453;29;17;13137;3624;;
reportage;9;452;41;23;18532;4068;;
fr;2;452;11;6;4972;904;;
jules;5;452;25;11;11300;2260;;
continuer;9;451;29;17;13079;4059;;
montrer;7;450;33;21;14850;3150;;
thomas;6;450;19;8;8550;2700;;
robert;6;450;18;8;8100;2700;;
evolution;9;450;25;11;11250;4050;;
administrateur;14;450;31;14;13950;6300;;
tonnes;6;449;27;14;12123;2694;;
maximum;7;448;32;14;14336;3136;;
fonde;5;448;18;8;8064;2240;;
croix;5;448;26;15;11648;2240;;
publique;8;447;28;20;12516;3576;;
vienne;6;447;26;11;11622;2682;;
via;3;446;24;9;10704;1338;;
different;9;446;19;11;8474;4014;;
pieds;5;445;20;11;8900;2225;;
recherches;10;445;43;29;19135;4450;;
neige;5;444;24;11;10656;2220;;
developpe;9;444;42;27;18648;3996;;
arts;4;444;21;12;9324;1776;;
detruit;7;442;35;21;15470;3094;;
officiel;8;442;36;24;15912;3536;;
prusse;6;442;21;14;9282;2652;;
exposition;10;441;26;14;11466;4410;;
proximite;9;441;24;14;10584;3969;;
remplace;8;441;25;14;11025;3528;;
jardin;6;441;26;11;11466;2646;;
anti;4;440;20;12;8800;1760;;
vingt;5;440;21;8;9240;2200;;
noel;4;440;27;11;11880;1760;;
reprend;7;440;36;21;15840;3080;;
atmosphere;10;439;26;11;11414;4390;;
utilisees;9;439;45;27;19755;3951;;
metal;5;439;28;14;12292;2195;;
vaste;5;439;30;11;13170;2195;;
david;5;438;14;8;6132;2190;;
representant;12;438;25;11;10950;5256;;
acheter;7;438;23;11;10074;3066;;
presents;8;438;42;24;18396;3504;;
urs;3;438;13;9;5694;1314;;
partage;7;438;26;17;11388;3066;;
appartient;10;438;40;20;17520;4380;;
domaines;8;438;21;14;9198;3504;;
section;7;438;19;11;8322;3066;;
existent;8;437;21;11;9177;3496;;
personnel;9;437;36;26;15732;3933;;
envoie;6;437;23;11;10051;2622;;
vacances;8;437;27;11;11799;3496;;
dents;5;437;20;14;8740;2185;;
consideree;10;437;28;17;12236;4370;;
femelles;8;437;21;11;9177;3496;;
reporters;9;436;33;17;14388;3924;;
arreter;7;436;42;21;18312;3052;;
religieuses;11;436;33;17;14388;4796;;
and;3;436;16;9;6976;1308;;
bateaux;7;435;29;14;12615;3045;;
signe;5;434;20;11;8680;2170;;
reussi;6;434;38;18;16492;2604;;
ennemis;7;434;21;11;9114;3038;;
gare;4;434;27;11;11718;1736;;
championnat;11;434;27;17;11718;4774;;
dernieres;9;433;24;14;10392;3897;;
auteurs;7;433;26;14;11258;3031;;
islam;5;433;25;11;10825;2165;;
pose;4;433;17;11;7361;1732;;
reponse;7;433;42;21;18186;3031;;
apprend;7;432;37;21;15984;3024;;
seraient;8;432;23;14;9936;3456;;
coulisses;9;432;25;17;10800;3888;;
suit;4;431;21;12;9051;1724;;
romans;6;431;34;14;14654;2586;;
pierres;7;431;23;14;9913;3017;;
fabrication;11;431;28;14;12068;4741;;
repondre;8;431;44;24;18964;3448;;
humaine;7;431;32;14;13792;3017;;
chance;6;430;25;17;10750;2580;;
chansons;8;430;27;17;11610;3440;;
nintendo;8;430;32;11;13760;3440;;
ouvert;6;430;24;11;10320;2580;;
cher;4;430;18;11;7740;1720;;
centaines;9;429;26;17;11154;3861;;
lettre;6;429;17;11;7293;2574;;
developpe;9;429;42;27;18018;3861;;
tue;3;429;20;9;8580;1287;;
liens;5;429;18;11;7722;2145;;
organise;8;429;26;11;11154;3432;;
appelees;8;428;53;24;22684;3424;;
murs;4;428;25;12;10700;1712;;
pouvant;7;428;23;14;9844;2996;;
portugais;9;428;27;17;11556;3852;;
mauvais;7;427;27;11;11529;2989;;
ameliorer;9;427;47;27;20069;3843;;
classes;7;426;33;20;14058;2982;;
halloween;9;426;36;14;15336;3834;;
outre;5;426;19;8;8094;2130;;
victime;7;426;24;11;10224;2982;;
mda;3;426;24;9;10224;1278;;
nobles;6;425;28;11;11900;2550;;
zeus;4;425;29;11;12325;1700;;
dinosaures;10;425;24;14;10200;4250;;
ere;3;424;20;9;8480;1272;;
presidentielle;14;424;49;42;20776;5936;;
naturelle;9;424;38;20;16112;3816;;
chevaux;7;424;33;17;13992;2968;;
dehors;6;423;17;11;7191;2538;;
gagne;5;423;24;11;10152;2115;;
grave;5;423;29;14;12267;2115;;
succede;7;422;37;21;15614;2954;;
fabriquer;9;422;27;14;11394;3798;;
propres;7;421;28;17;11788;2947;;
resultats;9;421;45;27;18945;3789;;
videos;6;421;29;11;12209;2526;;
enfance;7;421;25;14;10525;2947;;
payer;5;421;17;11;7157;2105;;
conquete;8;421;29;14;12209;3368;;
responsable;11;420;29;14;12180;4620;;
huile;5;420;27;11;11340;2100;;
cerveau;7;420;25;14;10500;2940;;
finit;5;420;22;15;9240;2100;;
frontieres;10;419;23;14;9637;4190;;
volonte;7;419;31;14;12989;2933;;
socialiste;10;419;26;14;10894;4190;;
record;6;418;33;17;13794;2508;;
plat;4;418;17;12;7106;1672;;
etrangers;9;417;38;27;15846;3753;;
lesquels;8;417;14;11;5838;3336;;
extremement;11;417;23;11;9591;4587;;
ouvriers;8;417;30;17;12510;3336;;
envoyer;7;417;32;17;13344;2919;;
concernant;10;416;17;8;7072;4160;;
normandie;9;416;40;20;16640;3744;;
aspect;6;416;28;11;11648;2496;;
soutien;7;416;30;17;12480;2912;;
designer;8;416;19;14;7904;3328;;
anne;4;416;16;8;6656;1664;;
methode;7;416;34;21;14144;2912;;
navire;6;416;30;11;12480;2496;;
iranienne;9;416;32;14;13312;3744;;
consommation;12;415;28;17;11620;4980;;
forcement;9;415;24;14;9960;3735;;
turquie;7;415;29;14;12035;2905;;
peinture;8;415;21;11;8715;3320;;
publie;6;415;17;11;7055;2490;;
chevaliers;10;415;28;14;11620;4150;;
individus;9;415;36;17;14940;3735;;
meilleurs;9;414;22;11;9108;3726;;
episode;7;414;38;21;15732;2898;;
revanche;8;414;31;14;12834;3312;;
charge;6;414;25;14;10350;2484;;
marin;5;414;26;15;10764;2070;;
iraniennes;10;414;33;14;13662;4140;;
obligatoire;11;413;33;20;13629;4543;;
star;4;413;22;12;9086;1652;;
mettent;7;413;35;20;14455;2891;;
vis;3;413;20;9;8260;1239;;
faites;6;412;17;8;7004;2472;;
race;4;412;26;12;10712;1648;;
ajouter;7;412;26;8;10712;2884;;
mari;4;412;22;12;9064;1648;;
immense;7;411;28;11;11508;2877;;
couronne;8;411;30;17;12330;3288;;
application;11;411;38;20;15618;4521;;
vapeur;6;411;29;11;11919;2466;;
sociale;7;411;29;21;11919;2877;;
choisir;7;410;23;14;9430;2870;;
obtenu;6;410;25;11;10250;2460;;
proies;6;409;30;14;12270;2454;;
enorme;6;409;37;18;15133;2454;;
planetes;8;409;37;24;15133;3272;;
versailles;10;409;26;11;10634;4090;;
proces;6;409;23;18;9407;2454;;
reconnu;7;408;25;11;10200;2856;;
augmenter;9;408;31;14;12648;3672;;
chercher;8;408;26;17;10608;3264;;
jerusalem;9;408;30;14;12240;3672;;
ennemi;6;408;20;11;8160;2448;;
vendredi;8;407;24;11;9768;3256;;
nucleaire;9;407;26;11;10582;3663;;
photos;6;406;20;11;8120;2436;;
covid;5;406;30;15;12180;2030;;
bassin;6;406;32;14;12992;2436;;
deplacer;8;406;36;24;14616;3248;;
jusque;6;406;32;14;12992;2436;;
europeennes;11;406;59;33;23954;4466;;
remplacer;9;405;34;20;13770;3645;;
alba;4;405;30;11;12150;1620;;
declare;7;404;34;21;13736;2828;;
empecher;8;404;33;24;13332;3232;;
superieur;9;404;52;27;21008;3636;;
aliments;8;404;36;24;14544;3232;;
mille;5;404;22;11;8888;2020;;
italienne;9;404;26;11;10504;3636;;
suffit;6;403;26;11;10478;2418;;
alimentation;12;403;25;14;10075;4836;;
george;6;403;18;5;7254;2418;;
portes;6;403;27;17;10881;2418;;
dame;4;403;18;11;7254;1612;;
peche;5;403;21;15;8463;2015;;
puissant;8;402;27;17;10854;3216;;
reaction;8;401;47;24;18847;3208;;
devrait;7;401;22;14;8822;2807;;
hongrie;7;401;29;14;11629;2807;;
cent;4;401;19;11;7619;1604;;
cherche;7;401;20;11;8020;2807;;
conseils;8;401;31;20;12431;3208;;
flotte;6;401;23;11;9223;2406;;
affaire;7;399;22;8;8778;2793;;
titres;6;399;30;14;11970;2394;;
martin;6;399;22;11;8778;2394;;
echange;7;399;28;21;11172;2793;;
carbone;7;399;25;14;9975;2793;;
envers;6;398;25;14;9950;2388;;
domination;10;398;31;20;12338;3980;;
tome;4;397;24;12;9528;1588;;
relief;6;397;31;17;12307;2382;;
instrument;10;397;31;14;12307;3970;;
augmente;8;397;30;11;11910;3176;;
sinon;5;397;15;8;5955;1985;;
candidats;9;397;25;14;9925;3573;;
concerne;8;397;32;20;12704;3176;;
caractere;9;396;30;17;11880;3564;;
endroits;8;396;22;14;8712;3168;;
attendre;8;395;36;23;14220;3160;;
spectacle;9;395;23;11;9085;3555;;
vecu;4;395;25;12;9875;1580;;
princesse;9;395;24;14;9480;3555;;
souris;6;395;28;14;11060;2370;;
portent;7;394;29;17;11426;2758;;
augmentation;12;394;32;14;12608;4728;;
berlin;6;394;31;14;12214;2364;;
maritime;8;394;30;17;11820;3152;;
definitivement;14;394;59;42;23246;5516;;
impossible;10;393;16;5;6288;3930;;
sociaux;7;393;30;20;11790;2751;;
completement;12;393;23;14;9039;4716;;
opera;5;393;23;11;9039;1965;;
vetements;9;393;48;27;18864;3537;;
seigneurs;9;393;22;14;8646;3537;;
medecin;7;393;31;21;12183;2751;;
materiel;8;393;41;24;16113;3144;;
caracteristiques;16;393;24;14;9432;6288;;
roches;6;393;29;14;11397;2358;;
christ;6;392;26;18;10192;2352;;
avais;5;392;29;14;11368;1960;;
evenement;9;392;49;27;19208;3528;;
attaques;8;392;33;17;12936;3136;;
comte;5;392;22;14;8624;1960;;
courte;6;392;31;17;12152;2352;;
turcs;5;391;29;14;11339;1955;;
bible;5;391;32;11;12512;1955;;
predateurs;10;391;38;30;14858;3910;;
gout;4;391;29;12;11339;1564;;
voulait;7;391;27;11;10557;2737;;
element;7;391;30;21;11730;2737;;
changement;10;390;21;14;8190;3900;;
reseaux;7;390;35;21;13650;2730;;
categories;10;390;55;30;21450;3900;;
fera;4;390;22;12;8580;1560;;
midi;4;389;25;11;9725;1556;;
willy;5;389;29;11;11281;1945;;
cercle;6;389;21;14;8169;2334;;
rose;4;389;26;11;10114;1556;;
nommee;6;388;28;14;10864;2328;;
ours;4;388;20;11;7760;1552;;
peninsule;9;388;41;27;15908;3492;;
christianisme;13;388;37;23;14356;5044;;
prisonniers;11;388;25;17;9700;4268;;
garder;6;387;29;14;11223;2322;;
adresse;7;387;25;11;9675;2709;;
suivi;5;387;30;14;11610;1935;;
solution;8;387;25;14;9675;3096;;
morte;5;386;24;11;9264;1930;;
note;4;386;28;11;10808;1544;;
rock;4;385;24;11;9240;1540;;
garcons;7;385;41;21;15785;2695;;
rive;4;385;28;11;10780;1540;;
morceaux;8;385;26;14;10010;3080;;
cinquieme;9;384;24;11;9216;3456;;
organise;8;384;26;11;9984;3072;;
inspire;7;384;25;11;9600;2688;;
chant;5;384;22;15;8448;1920;;
matieres;8;383;29;14;11107;3064;;
nations;7;383;27;14;10341;2681;;
telle;5;383;21;11;8043;1915;;
absence;7;382;29;11;11078;2674;;
hauts;5;382;30;11;11460;1910;;
certaine;8;382;29;17;11078;3056;;
disparition;11;382;25;17;9550;4202;;
graines;7;382;30;14;11460;2674;;
acteur;6;381;25;14;9525;2286;;
gagne;5;381;24;11;9144;1905;;
monuments;9;381;29;14;11049;3429;;
diametre;8;381;21;14;8001;3048;;
orleans;7;381;29;11;11049;2667;;
connues;7;381;30;17;11430;2667;;
limite;6;381;20;11;7620;2286;;
reference;9;380;50;27;19000;3420;;
alphabet;8;380;25;11;9500;3040;;
reprendre;9;380;41;23;15580;3420;;
offre;5;380;25;8;9500;1900;;
commencent;10;380;33;23;12540;3800;;
elevage;7;380;31;21;11780;2660;;
memoire;7;380;34;21;12920;2660;;
web;3;380;24;9;9120;1140;;
archipel;8;380;35;20;13300;3040;;
capables;8;379;29;14;10991;3032;;
chretienne;10;379;46;30;17434;3790;;
representent;12;379;67;36;25393;4548;;
bacteries;9;379;29;11;10991;3411;;
israel;6;379;18;8;6822;2274;;
republicains;12;379;53;36;20087;4548;;
cycle;5;378;21;8;7938;1890;;
savant;6;378;28;14;10584;2268;;
revenir;7;378;34;14;12852;2646;;
visible;7;378;30;17;11340;2646;;
redaction;9;378;49;27;18522;3402;;
occupation;10;378;35;20;13230;3780;;
propriete;9;377;19;14;7163;3393;;
visite;6;377;27;14;10179;2262;;
vii;3;377;26;9;9802;1131;;
issue;5;377;21;8;7917;1885;;
vaut;4;377;28;11;10556;1508;;
pousse;6;377;24;14;9048;2262;;
transports;10;377;34;20;12818;3770;;
evenements;10;376;53;30;19928;3760;;
messages;8;376;30;17;11280;3008;;
devaient;8;376;25;17;9400;3008;;
accepte;7;376;22;14;8272;2632;;
ressources;10;376;29;17;10904;3760;;
echelle;7;376;27;21;10152;2632;;
capacite;8;376;28;14;10528;3008;;
camps;5;376;25;15;9400;1880;;
revenus;7;375;39;20;14625;2625;;
chacune;7;375;21;11;7875;2625;;
invente;7;375;31;14;11625;2625;;
colonie;7;375;25;14;9375;2625;;
utile;5;375;23;15;8625;1875;;
tourne;6;375;26;14;9750;2250;;
chimique;8;375;27;14;10125;3000;;
malade;6;374;26;14;9724;2244;;
auparavant;10;374;27;11;10098;3740;;
douze;5;374;18;11;6732;1870;;
windows;7;373;30;11;11190;2611;;
frederic;8;373;18;8;6714;2984;;
quitter;7;372;24;14;8928;2604;;
flandre;7;372;31;17;11532;2604;;
arabes;6;372;28;14;10416;2232;;
echec;5;372;19;15;7068;1860;;
croissance;10;372;30;20;11160;3720;;
bronze;6;372;31;14;11532;2232;;
vide;4;371;25;11;9275;1484;;
patrimoine;10;371;25;14;9275;3710;;
invasion;8;371;33;14;12243;2968;;
observer;8;371;26;11;9646;2968;;
buts;4;371;29;11;10759;1484;;
nez;3;371;23;9;8533;1113;;
drapeau;7;371;16;8;5936;2597;;
participe;9;370;30;23;11100;3330;;
wikipedia;9;370;30;11;11100;3330;;
duche;5;370;19;11;7030;1850;;
violence;8;369;29;11;10701;2952;;
voitures;8;369;29;14;10701;2952;;
parle;5;369;18;14;6642;1845;;
fruit;5;369;20;11;7380;1845;;
auraient;8;369;28;11;10332;2952;;
regle;5;369;33;15;12177;1845;;
lycee;5;369;16;8;5904;1845;;
periodes;8;369;36;24;13284;2952;;
disponible;10;368;24;17;8832;3680;;
roche;5;368;25;11;9200;1840;;
attaquer;8;368;29;14;10672;2944;;
traverse;8;368;31;17;11408;2944;;
presenter;9;368;46;27;16928;3312;;
projets;7;368;21;14;7728;2576;;
depend;6;367;26;18;9542;2202;;
tenir;5;367;26;14;9542;1835;;
envoye;6;367;25;11;9175;2202;;
directeur;9;367;18;11;6606;3303;;
lion;4;367;20;11;7340;1468;;
capitaine;9;367;17;8;6239;3303;;
complexe;8;367;26;17;9542;2936;;
expliquer;9;366;31;17;11346;3294;;
differente;10;366;47;30;17202;3660;;
mourir;6;366;23;11;8418;2196;;
revolte;7;366;42;21;15372;2562;;
generaux;8;366;43;24;15738;2928;;
marseille;9;366;25;14;9150;3294;;
discours;8;365;18;14;6570;2920;;
reduire;7;365;43;21;15695;2555;;
arriver;7;365;33;20;12045;2555;;
tellement;9;365;20;11;7300;3285;;
economiques;11;365;48;33;17520;4015;;
echapper;8;365;40;24;14600;2920;;
populaires;10;365;34;23;12410;3650;;
artiste;7;365;24;11;8760;2555;;
petrole;7;365;31;21;11315;2555;;
representants;13;365;73;39;26645;4745;;
contributions;13;365;43;29;15695;4745;;
hautes;6;364;31;11;11284;2184;;
www;3;364;24;8;8736;1092;;
james;5;364;21;8;7644;1820;;
million;7;363;32;20;11616;2541;;
utilisant;9;363;12;5;4356;3267;;
normalement;11;363;27;11;9801;3993;;
dizaines;8;363;24;11;8712;2904;;
quartiers;9;363;29;17;10527;3267;;
georges;7;362;19;5;6878;2534;;
organiser;9;362;44;26;15928;3258;;
euro;4;362;22;12;7964;1448;;
primaire;8;362;23;17;8326;2896;;
peintre;7;362;19;11;6878;2534;;
cap;3;362;20;9;7240;1086;;
bonnes;6;362;34;14;12308;2172;;
sauver;6;361;26;11;9386;2166;;
anniversaire;12;361;26;14;9386;4332;;
difficiles;10;361;26;17;9386;3610;;
arrivent;8;361;32;20;11552;2888;;
bouche;6;361;31;14;11191;2166;;
pate;4;361;19;12;6859;1444;;
modernes;8;361;27;14;9747;2888;;
vin;3;361;22;9;7942;1083;;
antoine;7;361;15;8;5415;2527;;
sicile;6;361;26;11;9386;2166;;
coreen;6;361;28;18;10108;2166;;
crees;5;360;27;15;9720;1800;;
social;6;360;29;17;10440;2160;;
sel;3;360;15;9;5400;1080;;
decrit;6;360;28;18;10080;2160;;
sommes;6;360;25;11;9000;2160;;
modifications;13;360;28;14;10080;4680;;
journaliste;11;359;29;14;10411;3949;;
accueil;7;359;30;21;10770;2513;;
champ;5;359;21;15;7539;1795;;
civilisation;12;359;22;11;7898;4308;;
ceremonie;9;358;44;27;15752;3222;;
necessaires;11;358;51;33;18258;3938;;
residence;9;358;41;27;14678;3222;;
byzantin;8;358;29;8;10382;2864;;
accueillir;10;357;44;29;15708;3570;;
erreur;6;357;17;8;6069;2142;;
compter;7;357;27;17;9639;2499;;
sultan;6;357;21;11;7497;2142;;
viii;4;357;29;12;10353;1428;;
architecte;10;357;32;17;11424;3570;;
menace;6;357;22;11;7854;2142;;
