word,Nb_char (C_w),Freq (F_w),Nb_scan (S_w),Nb_act,S_w x F_w,C_w x F_w,,
de,2,369294,2,2,738588,738588,,
la,2,231160,3,2,693480,462320,,
le,2,201192,2,2,402384,402384,,
les,3,172027,4,3,688108,516081,,
et,2,162818,12,2,1953816,325636,,
a,1,142169,10,1,1421690,142169,,"3,78534970408443"
est,3,139273,11,3,1532003,417819,,
en,2,131424,10,2,1314240,262848,,
des,3,128016,5,3,640080,384048,,
d,1,106690,2,1,213380,106690,,
un,2,98321,7,2,688247,196642,,
il,2,86530,20,2,1730600,173060,,
du,2,81566,6,2,489396,163132,,
une,3,77779,9,3,700011,233337,,
qui,3,63007,8,3,504056,189021,,
dans,4,62106,9,4,558954,248424,,
pour,4,59206,8,4,473648,236824,,
par,3,55637,5,3,278185,166911,,
au,2,46340,16,2,741440,92680,,
que,3,45724,7,3,320068,137172,,
plus,4,41215,10,4,412150,164860,,
sont,4,40154,15,4,602310,160616,,
se,2,35559,8,2,284472,71118,,
c,1,34853,8,1,278824,34853,,
sur,3,34442,15,3,516630,103326,,
ou,2,31878,14,2,446292,63756,,
on,2,30509,13,2,396617,61018,,
son,3,30237,13,3,393081,90711,,
pas,3,29643,6,3,177858,88929,,
ce,2,29011,10,2,290110,58022,,
s,1,28036,6,1,168216,28036,,
elle,4,27267,17,4,463539,109068,,
avec,4,26472,22,4,582384,105888,,
qu,2,25763,6,2,154578,51526,,
mais,4,25550,15,4,383250,102200,,
ne,2,24536,18,2,441648,49072,,
comme,5,22075,13,5,286975,110375,,
n,1,21546,15,1,323190,21546,,
sa,2,18696,13,2,243048,37392,,
ils,3,17444,24,3,418656,52332,,
ont,3,17423,15,3,261345,52269,,
ete,3,17041,20,3,340820,51123,,
y,1,16352,22,1,359744,16352,,
aux,3,16302,19,3,309738,48906,,
tres,4,16228,20,4,324560,64912,,
aussi,5,15694,22,5,345268,78470,,
ses,3,15661,11,3,172271,46983,,
cette,5,15351,15,5,230265,76755,,
fait,4,14532,13,4,188916,58128,,
peut,4,13949,10,4,139490,55796,,
leur,4,13586,6,4,81516,54344,,
deux,4,13274,8,4,106192,53096,,
etre,4,13146,20,4,262920,52584,,
meme,4,12315,20,4,246300,49260,,
etait,5,11616,22,5,255552,58080,,
entre,5,11581,14,5,162134,57905,,
je,2,11517,17,2,195789,23034,,
france,6,10672,16,6,170752,64032,,
apres,5,10577,27,5,285579,52885,,
autres,6,10414,21,6,218694,62484,,
pays,4,10308,8,4,82464,41232,,
ces,3,10300,12,3,123600,30900,,
ans,3,10179,13,3,132327,30537,,
lui,3,10160,10,3,101600,30480,,
o,1,9817,12,1,117804,9817,,
alors,5,9631,25,5,240775,48155,,
faire,5,9379,15,5,140685,46895,,
si,2,9322,10,2,93220,18644,,
tout,4,9271,21,4,194691,37084,,
j,1,9028,16,1,144448,9028,,
bien,4,8969,25,4,224225,35876,,
donc,4,8648,12,4,103776,34592,,
ville,5,8242,30,5,247260,41210,,
sous,4,8064,15,4,120960,32256,,
monde,5,7979,18,5,143622,39895,,
roi,3,7628,28,3,213584,22884,,
nom,3,7508,26,3,195208,22524,,
guerre,6,7165,28,6,200620,42990,,
siecle,6,7152,43,6,307536,42912,,
tous,4,7150,23,4,164450,28600,,
partie,6,7136,10,6,71360,42816,,
plusieurs,9,6946,16,9,111136,62514,,
depuis,6,6924,14,6,96936,41544,,
dont,4,6896,10,4,68960,27584,,
contre,6,6824,13,6,88712,40944,,
beaucoup,8,6674,32,8,213568,53392,,
ainsi,5,6582,21,5,138222,32910,,
leurs,5,6562,8,5,52496,32810,,
pendant,7,6537,14,7,91518,45759,,
puis,4,6508,11,4,71588,26032,,
grand,5,6287,22,5,138314,31435,,
car,3,6265,15,3,93975,18795,,
peu,3,6180,9,3,55620,18540,,
avoir,5,6113,24,5,146712,30565,,
grande,6,6074,23,6,139702,36444,,
t,1,6042,13,1,78546,6042,,
tu,2,5996,22,2,131912,11992,,
egalement,9,5973,37,9,221001,53757,,
sans,4,5962,16,4,95392,23848,,
nord,4,5949,30,4,178470,23796,,
sud,3,5944,21,3,124824,17832,,
souvent,7,5906,24,7,141744,41342,,
francais,8,5880,29,8,170520,47040,,
avant,5,5756,23,5,132388,28780,,
exemple,7,5715,26,7,148590,40005,,
cela,4,5619,18,4,101142,22476,,
encore,6,5618,17,6,95506,33708,,
jusqu,5,5599,23,5,128777,27995,,
fois,4,5568,17,4,94656,22272,,
temps,5,5539,24,5,132936,27695,,
eau,3,5501,20,3,110020,16503,,
premier,7,5399,11,7,59389,37793,,
elles,5,5315,19,5,100985,26575,,
nous,4,5290,26,4,137540,21160,,
vers,4,5257,24,4,126168,21028,,
dire,4,5243,8,4,41944,20972,,
autre,5,5155,20,5,103100,25775,,
vie,3,5033,24,3,120792,15099,,
mort,4,5033,19,4,95627,20132,,
trois,5,4965,22,5,109230,24825,,
avait,5,4938,22,5,108636,24690,,
m,1,4929,11,1,54219,4929,,
premiere,8,4885,14,8,68390,39080,,
moins,5,4855,19,5,92245,24275,,
certains,8,4815,20,8,96300,38520,,
annees,6,4804,43,6,206572,28824,,
cet,3,4792,13,3,62296,14376,,
peuvent,7,4739,15,7,71085,33173,,
paris,5,4580,9,5,41220,22900,,
fin,3,4441,11,3,48851,13323,,
quand,5,4420,13,5,57460,22100,,
personnes,9,4306,15,9,64590,38754,,
vous,4,4254,28,4,119112,17016,,
etaient,7,4244,25,7,106100,29708,,
lieu,4,4206,10,4,42060,16824,,
ai,2,4152,13,2,53976,8304,,
doit,4,4141,12,4,49692,16564,,
terre,5,4134,23,5,95082,20670,,
trouve,6,4133,24,6,99192,24798,,
etat,4,4129,16,4,66064,16516,,
e,1,4058,7,1,28406,4058,,
faut,4,4051,15,4,60765,16204,,
nombreux,8,4048,33,8,133584,32384,,
soit,4,4037,17,4,68629,16148,,
vikidia,7,4014,61,7,244854,28098,,
quelques,8,4005,14,8,56070,32040,,
chaque,6,4001,19,6,76019,24006,,
annee,5,3983,37,5,147371,19915,,
europe,6,3982,19,6,75658,23892,,
environ,7,3972,24,7,95328,27804,,
non,3,3971,27,3,107217,11913,,
devient,7,3965,16,7,63440,27755,,
fut,3,3909,19,3,74271,11727,,
saint,5,3907,21,5,82047,19535,,
enfants,7,3894,25,7,97350,27258,,
existe,6,3881,23,6,89263,23286,,
etats,5,3856,18,5,69408,19280,,
celui,5,3828,20,5,76560,19140,,
selon,5,3821,18,5,68778,19105,,
cas,3,3800,19,3,72200,11400,,
ci,2,3762,12,2,45144,7524,,
pouvoir,7,3692,12,7,44304,25844,,
famille,7,3687,21,7,77427,25809,,
forme,5,3674,17,5,62458,18370,,
lors,4,3644,10,4,36440,14576,,
fils,4,3609,16,4,57744,14436,,
va,2,3583,24,2,85992,7166,,
empire,6,3559,27,6,96093,21354,,
place,5,3539,12,5,42468,17695,,
nombre,6,3534,30,6,106020,21204,,
partir,6,3507,13,6,45591,21042,,
francaise,9,3506,32,9,112192,31554,,
hui,3,3495,29,3,101355,10485,,
aujourd,7,3487,30,7,104610,24409,,
permet,6,3471,12,6,41652,20826,,
histoire,8,3413,34,8,116042,27304,,
toutes,6,3380,25,6,84500,20280,,
notamment,9,3369,34,9,114546,30321,,
mer,3,3366,16,3,53856,10098,,
royaume,7,3360,46,7,154560,23520,,
jours,5,3343,21,5,70203,16715,,
grace,5,3343,34,5,113662,16715,,
habitants,9,3290,38,9,125020,29610,,
cours,5,3260,14,5,45640,16300,,
jour,4,3258,20,4,65160,13032,,
me,2,3237,12,2,38844,6474,,
homme,5,3232,29,5,93728,16160,,
armee,5,3220,39,5,125580,16100,,
toujours,8,3200,28,8,89600,25600,,
petit,5,3191,17,5,54247,15955,,
region,6,3179,39,6,123981,19074,,
unis,4,3165,11,4,34815,12660,,
celle,5,3159,18,5,56862,15795,,
discussion,10,3156,15,10,47340,31560,,
pres,4,3147,10,4,31470,12588,,
h,1,3115,23,1,71645,3115,,
sera,4,3114,13,4,40482,12456,,
politique,9,3111,16,9,49776,27999,,
km,2,3101,37,2,114737,6202,,
surtout,7,3087,22,7,67914,21609,,
ne,2,3058,18,2,55044,6116,,
epoque,6,3047,35,6,106645,18282,,
effet,5,3043,25,5,76075,15215,,
gouvernement,12,3037,34,12,103258,36444,,
animaux,7,3033,26,7,78858,21231,,
debut,5,3019,26,5,78494,15095,,
cependant,9,3018,25,9,75450,27162,,
ouest,5,2997,26,5,77922,14985,,
mars,4,2986,19,4,56734,11944,,
age,3,2958,23,3,68034,8874,,
louis,5,2947,17,5,50099,14735,,
mai,3,2914,14,3,40796,8742,,
toute,5,2905,23,5,66815,14525,,
afin,4,2886,30,4,86580,11544,,
population,10,2880,20,10,57600,28800,,
compte,6,2868,15,6,43020,17208,,
pere,4,2868,24,4,68832,11472,,
te,2,2851,15,2,42765,5702,,
juin,4,2850,22,4,62700,11400,,
hommes,6,2849,32,6,91168,17094,,
eux,3,2837,15,3,42555,8511,,
president,9,2820,20,9,56400,25380,,
voir,4,2805,27,4,75735,11220,,
mois,4,2804,19,4,53276,11216,,
suite,5,2791,18,5,50238,13955,,
nombreuses,10,2788,36,10,100368,27880,,
nouveau,7,2785,32,7,89120,19495,,
corps,5,2756,18,5,49608,13780,,
parfois,7,2751,17,7,46767,19257,,
octobre,7,2732,31,7,84692,19124,,
ile,3,2730,25,3,68250,8190,,
cest,4,2727,17,4,46359,10908,,
ceux,4,2718,20,4,54360,10872,,
millions,8,2717,22,8,59774,21736,,
groupe,6,2712,24,6,65088,16272,,
republique,10,2712,41,10,111192,27120,,
pourquoi,8,2711,17,8,46087,21688,,
certaines,9,2701,21,9,56721,24309,,
dit,3,2699,6,3,16194,8097,,
janvier,7,2682,25,7,67050,18774,,
reste,5,2673,27,5,72171,13365,,
septembre,9,2648,24,9,63552,23832,,
nouvelle,8,2641,32,8,84512,21128,,
grands,6,2632,25,6,65800,15792,,
des,3,2626,5,3,13130,7878,,
trop,4,2618,24,4,62832,10472,,
ensuite,7,2614,22,7,57508,18298,,
personne,8,2608,13,8,33904,20864,,
chez,4,2602,17,4,44234,10408,,
quatre,6,2587,14,6,36218,15522,,
origine,7,2580,24,7,61920,18060,,
la,2,2559,3,2,7677,5118,,
r,1,2550,20,1,51000,2550,,
allemagne,9,2546,29,9,73834,22914,,
empereur,8,2519,30,8,75570,20152,,
article,7,2515,22,7,55330,17605,,
appelle,7,2496,28,7,69888,17472,,
general,7,2495,32,7,79840,17465,,
eu,2,2492,13,2,32396,4984,,
b,1,2477,18,1,44586,2477,,
font,4,2476,18,4,44568,9904,,
jeu,3,2464,19,3,46816,7392,,
juillet,7,2463,29,7,71427,17241,,
avril,5,2456,26,5,63856,12280,,
deja,4,2443,28,4,68404,9772,,
ca,2,2400,13,2,31200,4800,,
suis,4,2398,18,4,43164,9592,,
capitale,8,2393,27,8,64611,19144,,
centre,6,2340,18,6,42120,14040,,
petits,6,2331,20,6,46620,13986,,
veut,4,2329,32,4,74528,9316,,
tard,4,2312,26,4,60112,9248,,
anglais,7,2305,23,7,53015,16135,,
site,4,2292,15,4,34380,9168,,
tour,4,2290,22,4,50380,9160,,
ii,2,2284,38,2,86792,4568,,
droit,5,2280,13,5,29640,11400,,
etant,5,2271,20,5,45420,11355,,
dernier,7,2256,12,7,27072,15792,,
ensemble,8,2216,22,8,48752,17728,,
especes,7,2215,29,7,64235,15505,,
decembre,8,2210,32,8,70720,17680,,
novembre,8,2205,35,8,77175,17640,,
seul,4,2202,16,4,35232,8808,,
fevrier,7,2200,46,7,101200,15400,,
point,5,2188,14,5,30632,10940,,
langue,6,2188,12,6,26256,13128,,
aout,4,2187,37,4,80919,8748,,
italie,6,2185,25,6,54625,13110,,
jean,4,2183,22,4,48026,8732,,
notre,5,2171,31,5,67301,10855,,
travail,7,2169,25,7,54225,15183,,
grandes,7,2166,25,7,54150,15162,,
merci,5,2152,19,5,40888,10760,,
assez,5,2145,25,5,53625,10725,,
or,2,2133,15,2,31995,4266,,
ecole,5,2132,25,5,53300,10660,,
systeme,7,2124,26,7,55224,14868,,
serie,5,2116,22,5,46552,10580,,
long,4,2098,10,4,20980,8392,,
moyen,5,2080,25,5,52000,10400,,
parti,5,2070,8,5,16560,10350,,
mere,4,2070,33,4,68310,8280,,
ier,3,2068,20,3,41360,6204,,
periode,7,2062,34,7,70108,14434,,
durant,6,2057,13,6,26741,12342,,
agit,4,2050,26,4,53300,8200,,
differentes,11,2044,49,11,100156,22484,,
ayant,5,2034,31,5,63054,10170,,
jeux,4,2020,23,4,46460,8080,,
bonjour,7,2017,41,7,82697,14119,,
afrique,7,2003,32,7,64096,14021,,
chef,4,1984,15,4,29760,7936,,
autour,6,1982,23,6,45586,11892,,
differents,10,1973,44,10,86812,19730,,
generalement,12,1972,45,12,88740,23664,,
x,1,1968,27,1,53136,1968,,
page,4,1967,10,4,19670,7868,,
charles,7,1966,22,7,43252,13762,,
plupart,7,1963,15,7,29445,13741,,
doivent,7,1962,16,7,31392,13734,,
jeune,5,1960,21,5,41160,9800,,
tete,4,1958,37,4,72446,7832,,
mondiale,8,1955,22,8,43010,15640,,
villes,6,1953,33,6,64449,11718,,
rome,4,1953,35,4,68355,7812,,
mot,3,1952,21,3,40992,5856,,
part,4,1952,7,4,13664,7808,,
seconde,7,1952,26,7,50752,13664,,
petite,6,1943,18,6,34974,11658,,
metres,6,1935,32,6,61920,11610,,
dieu,4,1929,17,4,32793,7716,,
femmes,6,1924,23,6,44252,11544,,
face,4,1923,14,4,26922,7692,,
belgique,8,1890,33,8,62370,15120,,
cause,5,1889,24,5,45336,9445,,
musique,7,1888,27,7,50976,13216,,
situee,6,1886,32,6,60352,11316,,
jeunes,6,1876,22,6,41272,11256,,
ur,2,1868,5,2,9340,3736,,
haut,4,1865,29,4,54085,7460,,
appele,6,1865,28,6,52220,11190,,
aide,4,1865,22,4,41030,7460,,
donne,5,1856,12,5,22272,9280,,
pierre,6,1848,16,6,29568,11088,,
av,2,1848,19,2,35112,3696,,
ancien,6,1846,18,6,33228,11076,,
moment,6,1846,28,6,51688,11076,,
equipe,6,1831,39,6,71409,10986,,
ailleurs,8,1828,26,8,47528,14624,,
russie,6,1827,39,6,71253,10962,,
important,9,1822,35,9,63770,16398,,
soleil,6,1816,23,6,41768,10896,,
regions,7,1815,42,7,76230,12705,,
utilise,7,1811,20,7,36220,12677,,
avaient,7,1802,26,7,46852,12614,,
deuxieme,8,1801,21,8,37821,14408,,
connu,5,1801,18,5,32418,9005,,
jamais,6,1789,25,6,44725,10734,,
parmi,5,1784,14,5,24976,8920,,
mon,3,1783,16,3,28528,5349,,
lorsque,7,1780,14,7,24920,12460,,
ordre,5,1778,23,5,40894,8890,,
passe,5,1778,9,5,16002,8890,,
etc,3,1773,21,3,37233,5319,,
comment,7,1762,16,7,28192,12334,,
espagne,7,1757,20,7,35140,12299,,
fille,5,1751,16,5,28016,8755,,
film,4,1741,17,4,29597,6964,,
bois,4,1738,31,4,53878,6952,,
possible,8,1735,15,8,26025,13880,,
particulier,11,1721,15,11,25815,18931,,
an,2,1718,11,2,18898,3436,,
ecrit,5,1706,28,5,47768,8530,,
angleterre,10,1703,31,10,52793,17030,,
vient,5,1702,26,5,44252,8510,,
donne,5,1702,12,5,20424,8510,,
premiers,8,1700,13,8,22100,13600,,
niveau,6,1697,33,6,56001,10182,,
articles,8,1696,24,8,40704,13568,,
but,3,1691,26,3,43966,5073,,
bas,3,1688,25,3,42200,5064,,
territoire,10,1682,27,10,45414,16820,,
mettre,6,1681,20,6,33620,10086,,
lorsqu,6,1672,13,6,21736,10032,,
prend,5,1669,10,5,16690,8345,,
vit,3,1667,26,3,43342,5001,,
amerique,8,1666,45,8,74970,13328,,
titre,5,1663,23,5,38249,8315,,
membres,7,1656,24,7,39744,11592,,
prix,4,1650,13,4,21450,6600,,
hiver,5,1647,41,5,67527,8235,,
demande,7,1646,14,7,23044,11522,,
contr,5,1644,12,5,19728,8220,,
femme,5,1644,21,5,34524,8220,,
commence,8,1642,18,8,29556,13136,,
cree,4,1640,24,4,39360,6560,,
eglise,6,1639,37,6,60643,9834,,
seulement,9,1635,21,9,34335,14715,,
vont,4,1633,32,4,52256,6532,,
te,2,1632,15,2,24480,3264,,
parce,5,1623,13,5,21099,8115,,
revolution,10,1603,44,10,70532,16030,,
bon,3,1598,25,3,39950,4794,,
parents,7,1592,15,7,23880,11144,,
lumiere,7,1590,22,7,34980,11130,,
porte,5,1589,11,5,17479,7945,,
question,8,1576,14,8,22064,12608,,
aurait,6,1573,25,6,39325,9438,,
cinq,4,1571,19,4,29849,6284,,
possede,7,1566,34,7,53244,10962,,
college,7,1563,24,7,37512,10941,,
prendre,7,1559,12,7,18708,10913,,
fonction,8,1557,21,8,32697,12456,,
rouge,5,1555,35,5,54425,7775,,
the,3,1555,26,3,40430,4665,,
mouvement,9,1548,30,9,46440,13932,,
tes,3,1546,18,3,27828,4638,,
seule,5,1543,17,5,26231,7715,,
departement,11,1543,26,11,40118,16973,,
couleur,7,1539,22,7,33858,10773,,
ministre,8,1533,20,8,30660,12264,,
ligne,5,1530,13,5,19890,7650,,
devant,6,1516,12,6,18192,9096,,
romain,6,1513,41,6,62033,9078,,
succes,6,1507,23,6,34661,9042,,
mieux,5,1505,22,5,33110,7525,,
militaire,9,1503,25,9,37575,13527,,
creer,5,1501,39,5,58539,7505,,
moi,3,1495,17,3,25415,4485,,
bonne,5,1488,27,5,40176,7440,,
mis,3,1487,16,3,23792,4461,,
chine,5,1487,16,5,23792,7435,,
abord,5,1486,29,5,43094,7430,,
savoir,6,1484,26,6,38584,8904,,
mesure,6,1482,19,6,28158,8892,,
taille,6,1481,26,6,38506,8886,,
serait,6,1481,16,6,23696,8886,,
air,3,1477,16,3,23632,4431,,
situe,5,1475,18,5,26550,7375,,
ni,2,1475,22,2,32450,2950,,
nos,3,1475,32,3,47200,4425,,
bataille,8,1475,29,8,42775,11800,,
malgre,6,1474,23,6,33902,8844,,
milieu,6,1469,23,6,33787,8814,,
met,3,1457,17,3,24769,4371,,
raison,6,1455,31,6,45105,8730,,
mal,3,1455,18,3,26190,4365,,
donner,6,1447,16,6,23152,8682,,
union,5,1446,13,5,18798,7230,,
enfant,6,1441,24,6,34584,8646,,
produit,7,1440,14,7,20160,10080,,
animal,6,1440,24,6,34560,8640,,
trouver,7,1435,25,7,35875,10045,,
sol,3,1432,18,3,25776,4296,,
theatre,7,1429,47,7,67163,10003,,
aller,5,1429,24,5,34296,7145,,
rien,4,1428,27,4,38556,5712,,
type,4,1422,27,4,38394,5688,,
maison,6,1420,18,6,25560,8520,,
livre,5,1420,19,5,26980,7100,,
ma,2,1407,13,2,18291,2814,,
energie,7,1406,31,7,43586,9842,,
vu,2,1405,27,2,37935,2810,,
soldats,7,1403,26,7,36478,9821,,
palais,6,1403,15,6,21045,8418,,
napoleon,8,1401,60,8,84060,11208,,
frere,5,1398,30,5,41940,6990,,
commune,7,1391,18,7,25038,9737,,
importante,10,1389,38,10,52782,13890,,
espace,6,1386,18,6,24948,8316,,
celebre,7,1382,34,7,46988,9674,,
loi,3,1381,10,3,13810,4143,,
chateau,7,1380,32,7,44160,9660,,
as,2,1378,18,2,24804,2756,,
base,4,1373,26,4,35698,5492,,
meurt,5,1373,22,5,30206,6865,,
parle,5,1367,10,5,13670,6835,,
gens,4,1366,23,4,31418,5464,,
art,3,1365,16,3,21840,4095,,
plut,4,1362,11,4,14982,5448,,
marie,5,1352,20,5,27040,6760,,
films,5,1348,19,5,25612,6740,,
argent,6,1343,25,6,33575,8058,,
droite,6,1342,15,6,20130,8052,,
mes,3,1342,15,3,20130,4026,,
ados,4,1341,37,4,49617,5364,,
ici,3,1341,25,3,33525,4023,,
devenir,7,1339,16,7,21424,9373,,
chose,5,1332,18,5,23976,6660,,
besoin,6,1330,31,6,41230,7980,,
appelee,7,1327,53,7,70331,9289,,
principalement,14,1325,22,14,29150,18550,,
romains,7,1322,45,7,59490,9254,,
longtemps,9,1318,17,9,22406,11862,,
seront,6,1318,16,6,21088,7908,,
coree,5,1315,21,5,27615,6575,,
scientifique,12,1315,36,12,47340,15780,,
espece,6,1314,22,6,28908,7884,,
heures,6,1313,30,6,39390,7878,,
laquelle,8,1310,23,8,30130,10480,,
troisieme,9,1310,38,9,49780,11790,,
uvre,4,1310,16,4,20960,5240,,
rapidement,10,1307,37,10,48359,13070,,
enfin,5,1303,25,5,32575,6515,,
force,5,1302,17,5,22134,6510,,
conseil,7,1301,16,7,20816,9107,,
proche,6,1300,9,6,11700,7800,,
duc,3,1299,10,3,12990,3897,,
nomme,5,1297,31,5,40207,6485,,
produits,8,1296,16,8,20736,10368,,
vivent,6,1294,36,6,46584,7764,,
societe,7,1293,24,7,31032,9051,,
ton,3,1287,23,3,29601,3861,,
texte,5,1286,26,5,33436,6430,,
nationale,9,1279,33,9,42207,11511,,
presente,8,1277,36,8,45972,10216,,
plantes,7,1275,20,7,25500,8925,,
vote,4,1270,31,4,39370,5080,,
er,2,1267,11,2,13937,2534,,
idee,4,1263,40,4,50520,5052,,
allemand,8,1257,27,8,33939,10056,,
parler,6,1255,12,6,15060,7530,,
derniere,8,1253,22,8,27566,10024,,
nouvelles,9,1253,34,9,42602,11277,,
dessus,6,1252,11,6,13772,7512,,
nuit,4,1246,35,4,43610,4984,,
religion,8,1241,38,8,47158,9928,,
saison,6,1241,22,6,27302,7446,,
utilise,7,1240,20,7,24800,8680,,
presque,7,1240,14,7,17360,8680,,
rapport,7,1239,32,7,39648,8673,,
public,6,1238,14,6,17332,7428,,
japon,5,1238,26,5,32188,6190,,
interieur,9,1238,42,9,51996,11142,,
peuple,6,1237,16,6,19792,7422,,
regime,6,1237,41,6,50717,7422,,
maniere,7,1233,32,7,39456,8631,,
arrive,6,1231,23,6,28313,7386,,
reine,5,1229,40,5,49160,6145,,
super,5,1228,21,5,25788,6140,,
sert,4,1227,15,4,18405,4908,,
passer,6,1222,12,6,14664,7332,,
naissance,9,1222,36,9,43992,10998,,
pris,4,1221,9,4,10989,4884,,
plein,5,1213,16,5,19408,6065,,
politiques,10,1211,18,10,21798,12110,,
droits,6,1207,16,6,19312,7242,,
eleves,6,1205,35,6,42175,7230,,
pape,4,1197,18,4,21546,4788,,
xixe,4,1193,43,4,51299,4772,,
simple,6,1192,23,6,27416,7152,,
tant,4,1191,22,4,26202,4764,,
asie,4,1186,25,4,29650,4744,,
latin,5,1185,12,5,14220,5925,,
surface,7,1185,26,7,30810,8295,,
autriche,8,1184,27,8,31968,9472,,
education,9,1183,41,9,48503,10647,,
europeenne,10,1181,56,10,66136,11810,,
nouveaux,8,1180,34,8,40120,9440,,
philippe,8,1180,20,8,23600,9440,,
regne,5,1180,49,5,57820,5900,,
sens,4,1178,14,4,16492,4712,,
noir,4,1172,33,4,38676,4688,,
points,6,1171,16,6,18736,7026,,
utiliser,8,1170,21,8,24570,9360,,
celles,6,1168,20,6,23360,7008,,
service,7,1166,15,7,17490,8162,,
memes,5,1164,26,5,30264,5820,,
uni,3,1162,10,3,11620,3486,,
iles,4,1162,27,4,31374,4648,,
situation,9,1161,21,9,24381,10449,,
construction,12,1161,21,12,24381,13932,,
petites,7,1159,20,7,23180,8113,,
projet,6,1157,11,6,12727,6942,,
gros,4,1156,23,4,26588,4624,,
signifie,8,1151,24,8,27624,9208,,
photo,5,1150,17,5,19550,5750,,
henri,5,1147,36,5,41292,5735,,
vite,4,1146,27,4,30942,4584,,
action,6,1145,24,6,27480,6870,,
displaystyle,12,1139,29,12,33031,13668,,
gauche,6,1135,29,6,32915,6810,,
blanc,5,1132,24,5,27168,5660,,
catholique,10,1129,26,10,29354,11290,,
russe,5,1125,36,5,40500,5625,,
musee,5,1124,43,5,48332,5620,,
facon,5,1123,22,5,24706,5615,,
americain,9,1123,32,9,35936,10107,,
club,4,1123,24,4,26952,4492,,
compose,7,1117,21,7,23457,7819,,
rencontre,9,1112,34,9,37808,10008,,
production,10,1112,18,10,20016,11120,,
date,4,1109,10,4,11090,4436,,
rendre,6,1109,28,6,31052,6654,,
conditions,10,1109,23,10,25507,11090,,
decide,6,1109,17,6,18853,6654,,
retour,6,1108,31,6,34348,6648,,
choses,6,1106,19,6,21014,6636,,
vivre,5,1105,36,5,39780,5525,,
semaine,7,1101,19,7,20919,7707,,
coupe,5,1099,16,5,17584,5495,,
objets,6,1098,31,6,34038,6588,,
fort,4,1096,17,4,18632,4384,,
construit,9,1093,19,9,20767,9837,,
cm,2,1092,29,2,31668,2184,,
allemands,9,1091,31,9,33821,9819,,
terme,5,1084,22,5,23848,5420,,
pu,2,1084,9,2,9756,2168,,
personnage,10,1078,19,10,20482,10780,,
grec,4,1078,24,4,25872,4312,,
culture,7,1078,21,7,22638,7546,,
creation,8,1077,43,8,46311,8616,,
main,4,1075,16,4,17200,4300,,
appeles,7,1073,35,7,37555,7511,,
voit,4,1067,28,4,29876,4268,,
ancienne,8,1063,24,8,25512,8504,,
genre,5,1063,28,5,29764,5315,,
economique,10,1061,32,10,33952,10610,,
romaine,7,1061,42,7,44562,7427,,
aucun,5,1060,23,5,24380,5300,,
forment,7,1060,23,7,24380,7420,,
permettent,10,1057,20,10,21140,10570,,
troupes,7,1056,27,7,28512,7392,,
juste,5,1056,23,5,24288,5280,,
zone,4,1055,30,4,31650,4220,,
mise,4,1055,19,4,20045,4220,,
printemps,9,1051,20,9,21020,9459,,
vitesse,7,1050,33,7,34650,7350,,
majorite,8,1047,27,8,28269,8376,,
vue,3,1047,28,3,29316,3141,,
desormais,9,1043,40,9,41720,9387,,
six,3,1042,23,3,23966,3126,,
elu,3,1041,23,3,23943,3123,,
national,8,1040,32,8,33280,8320,,
vraiment,8,1038,35,8,36330,8304,,
pense,5,1036,13,5,13468,5180,,
actuellement,12,1035,34,12,35190,12420,,
difficile,9,1033,18,9,18594,9297,,
climat,6,1033,26,6,26858,6198,,
classe,6,1033,23,6,23759,6198,,
feu,3,1032,22,3,22704,3096,,
objet,5,1030,29,5,29870,5150,,
idees,5,1030,41,5,42230,5150,,
haute,5,1029,30,5,30870,5145,,
lyon,4,1029,17,4,17493,4116,,
pourrait,8,1027,13,8,13351,8216,,
retrouve,8,1026,33,8,33858,8208,,
coup,4,1025,14,4,14350,4100,,
recherche,9,1023,34,9,34782,9207,,
langues,7,1020,14,7,14280,7140,,
toi,3,1020,22,3,22440,3060,,
v,1,1020,21,1,21420,1020,,
assemblee,9,1019,48,9,48912,9171,,
mots,4,1018,24,4,24432,4072,,
accord,6,1015,25,6,25375,6090,,
eviter,6,1015,39,6,39585,6090,,
aime,4,1013,23,4,23299,4052,,
oiseaux,7,1011,27,7,27297,7077,,
image,5,1010,30,5,30300,5050,,
peux,4,1010,15,4,15150,4040,,
finalement,10,1007,21,10,21147,10070,,
devenu,6,1005,14,6,14070,6030,,
planete,7,1004,21,7,21084,7028,,
version,7,1004,29,7,29116,7028,,
maladie,7,1001,25,7,25025,7007,,
developpement,13,999,33,13,32967,12987,,
carriere,8,999,27,8,26973,7992,,
ocean,5,998,33,5,32934,4990,,
courant,7,997,20,7,19940,6979,,
lois,4,996,12,4,11952,3984,,
terres,6,996,25,6,24900,5976,,
tel,3,995,22,3,21890,2985,,
livres,6,993,21,6,20853,5958,,
gaz,3,992,27,3,26784,2976,,
pratique,8,991,15,8,14865,7928,,
scientifiques,13,990,38,13,37620,12870,,
traite,6,986,25,6,24650,5916,,
travaux,7,985,25,7,24625,6895,,
sauf,4,982,27,4,26514,3928,,
loin,4,981,14,4,13734,3924,,
nature,6,981,29,6,28449,5886,,
egypte,6,977,34,6,33218,5862,,
epouse,6,977,28,6,27356,5862,,
premieres,9,973,18,9,17514,8757,,
moyenne,7,972,28,7,27216,6804,,
combat,6,970,16,6,15520,5820,,
sort,4,962,18,4,17316,3848,,
paix,4,960,13,4,12480,3840,,
fer,3,960,17,3,16320,2880,,
sang,4,958,18,4,17244,3832,,
aider,5,957,24,5,22968,4785,,
cinema,6,957,27,6,25839,5742,,
album,5,957,36,5,34452,4785,,
maintenant,10,956,26,10,24856,9560,,
furent,6,955,26,6,24830,5730,,
militaires,10,955,27,10,25785,9550,,
poissons,8,954,24,8,22896,7632,,
connue,6,952,20,6,19040,5712,,
liberte,7,952,18,7,17136,6664,,
dix,3,951,18,3,17118,2853,,
yeux,4,951,29,4,27579,3804,,
francois,8,950,24,8,22800,7600,,
considere,9,947,26,9,24622,8523,,
quoi,4,946,12,4,11352,3784,,
probleme,8,946,20,8,18920,7568,,
style,5,946,19,5,17974,4730,,
sorte,5,946,20,5,18920,4730,,
etudes,6,945,29,6,27405,5670,,
deputes,7,945,22,7,20790,6615,,
victoire,8,944,34,8,32096,7552,,
groupes,7,943,26,7,24518,6601,,
ecrire,6,941,34,6,31994,5646,,
cite,4,941,16,4,15056,3764,,
organisation,12,940,32,12,30080,11280,,
proteger,8,940,52,8,48880,7520,,
cour,4,937,13,4,12181,3748,,
uvres,5,936,18,5,16848,4680,,
lequel,6,935,18,6,16830,5610,,
liste,5,934,8,5,7472,4670,,
aura,4,933,23,4,21459,3732,,
scene,5,931,28,5,26068,4655,,
harry,5,930,42,5,39060,4650,,
prise,5,930,10,5,9300,4650,,
personnages,11,930,20,11,18600,10230,,
tandis,6,926,28,6,25928,5556,,
plan,4,925,12,4,11100,3700,,
pourtant,8,925,15,8,13875,7400,,
f,1,923,9,1,8307,923,,
direction,9,922,14,9,12908,8298,,
propre,6,921,12,6,11052,5526,,
longue,6,919,12,6,11028,5514,,
independance,12,919,39,12,35841,11028,,
allemande,9,918,28,9,25704,8262,,
represente,10,916,59,10,54044,9160,,
principal,9,916,15,9,13740,8244,,
chacun,6,916,23,6,21068,5496,,
joue,4,914,21,4,19194,3656,,
joueur,6,913,23,6,20999,5478,,
passe,5,912,9,5,8208,4560,,
temperature,11,911,47,11,42817,10021,,
quelque,7,911,13,7,11843,6377,,
sujet,5,910,26,5,23660,4550,,
parties,7,910,13,7,11830,6370,,
centrale,8,910,23,8,20930,7280,,
ufs,3,908,29,3,26332,2724,,
prince,6,905,13,6,11765,5430,,
port,4,904,10,4,9040,3616,,
utilisateur,11,903,24,11,21672,9933,,
populaire,9,898,20,9,17960,8082,,
voix,4,898,30,4,26940,3592,,
autant,6,897,25,6,22425,5382,,
etoile,6,897,28,6,25116,5382,,
elections,9,895,32,9,28640,8055,,
britannique,11,894,32,11,28608,9834,,
presence,8,894,36,8,32184,7152,,
journee,7,892,32,7,28544,6244,,
anciens,7,892,20,7,17840,6244,,
foret,5,892,30,5,26760,4460,,
automne,7,892,26,7,23192,6244,,
sept,4,891,19,4,16929,3564,,
lune,4,891,15,4,13365,3564,,
faisant,7,890,18,7,16020,6230,,
route,5,890,33,5,29370,4450,,
libre,5,888,17,5,15096,4440,,
cree,4,888,24,4,21312,3552,,
rend,4,887,26,4,23062,3548,,
of,2,886,28,2,24808,1772,,
siecles,7,885,46,7,40710,6195,,
football,8,884,23,8,20332,7072,,
morts,5,884,21,5,18564,4420,,
couleurs,8,883,24,8,21192,7064,,
jesus,5,882,31,5,27342,4410,,
cuisine,7,882,30,7,26460,6174,,
wikipedia,9,881,46,9,40526,7929,,
travers,7,880,25,7,22000,6160,,
meilleur,8,879,27,8,23733,7032,,
londres,7,878,18,7,15804,6146,,
antiquite,9,878,29,9,25462,7902,,
second,6,877,21,6,18417,5262,,
credit,6,875,22,6,19250,5250,,
avis,4,875,24,4,21000,3500,,
attaque,7,874,23,7,20102,6118,,
vivant,6,872,38,6,33136,5232,,
elements,8,872,37,8,32264,6976,,
new,3,871,27,3,23517,2613,,
amis,4,871,27,4,23517,3484,,
europeens,9,871,45,9,39195,7839,,
i,1,870,14,1,12180,870,,
roman,5,870,39,5,33930,4350,,
informations,12,869,37,12,32153,10428,,
dieux,5,868,19,5,16492,4340,,
moitie,6,867,23,6,19941,5202,,
arrivee,7,867,38,7,32946,6069,,
depart,6,865,18,6,15570,5190,,
jouer,5,863,23,5,19849,4315,,
forte,5,863,18,5,15534,4315,,
joueurs,7,862,25,7,21550,6034,,
femelle,7,861,25,7,21525,6027,,
fais,4,856,15,4,12840,3424,,
sait,4,856,17,4,14552,3424,,
peau,4,855,19,4,16245,3420,,
bretagne,8,854,30,8,25620,6832,,
problemes,9,851,26,9,22126,7659,,
demi,4,851,13,4,11063,3404,,
nee,3,850,37,3,31450,2550,,
emission,8,850,26,8,22100,6800,,
britanniques,12,848,34,12,28832,10176,,
domaine,7,847,17,7,14399,5929,,
insectes,8,846,38,8,32148,6768,,
video,5,845,35,5,29575,4225,,
americaine,10,845,33,10,27885,8450,,
commun,6,843,15,6,12645,5058,,
source,6,843,19,6,16017,5058,,
auteur,6,842,24,6,20208,5052,,
obtenir,7,841,32,7,26912,5887,,
juifs,5,839,25,5,20975,4195,,
contrairement,13,837,26,13,21762,10881,,
seuls,5,836,19,5,15884,4180,,
pieces,6,835,27,6,22545,5010,,
finale,6,835,15,6,12525,5010,,
heure,5,833,29,5,24157,4165,,
siege,5,833,30,5,24990,4165,,
modele,6,830,27,6,22410,4980,,
nourriture,10,829,37,10,30673,8290,,
pont,4,829,15,4,12435,3316,,
longueur,8,827,17,8,14059,6616,,
contient,8,827,21,8,17367,6616,,
toutefois,9,825,29,9,23925,7425,,
obtient,7,821,34,7,27914,5747,,
utilisee,8,820,35,8,28700,6560,,
pouvait,7,820,14,7,11480,5740,,
ciel,4,813,16,4,13008,3252,,
message,7,813,22,7,17886,5691,,
physique,8,812,23,8,18676,6496,,
arbres,6,812,39,6,31668,4872,,
comprendre,10,811,21,10,17031,8110,,
tels,4,810,25,4,20250,3240,,
territoires,11,810,29,11,23490,8910,,
fond,4,810,16,4,12960,3240,,
recoit,6,808,38,6,30704,4848,,
regles,6,806,52,6,41912,4836,,
images,6,806,32,6,25792,4836,,
altitude,8,806,36,8,29016,6448,,
peuples,7,806,18,7,14508,5642,,
election,8,805,30,8,24150,6440,,
pattes,6,805,20,6,16100,4830,,
concours,8,803,21,8,16863,6424,,
puissance,9,803,19,9,15257,7227,,
match,5,802,21,5,16842,4010,,
particulierement,16,802,39,16,31278,12832,,
filles,6,802,19,6,15238,4812,,
voici,5,800,35,5,28000,4000,,
familles,8,800,24,8,19200,6400,,
bout,4,800,26,4,20800,3200,,
communes,8,800,20,8,16000,6400,,
jacques,7,799,28,7,22372,5593,,
humains,7,799,37,7,29563,5593,,
p,1,797,3,1,2391,797,,
aucune,6,796,25,6,19900,4776,,
semaines,8,794,21,8,16674,6352,,
franco,6,794,18,6,14292,4764,,
avons,5,793,25,5,19825,3965,,
temple,6,793,29,6,22997,4758,,
derniers,8,792,14,8,11088,6336,,
internet,8,792,25,8,19800,6336,,
parc,4,792,12,4,9504,3168,,
fete,4,791,29,4,22939,3164,,
armes,5,790,26,5,20540,3950,,
mode,4,789,20,4,15780,3156,,
present,7,788,34,7,26792,5516,,
occasion,8,788,30,8,23640,6304,,
sport,5,787,19,5,14953,3935,,
endroit,7,787,20,7,15740,5509,,
rois,4,787,29,4,22823,3148,,
mariage,7,785,24,7,18840,5495,,
activite,8,784,27,8,21168,6272,,
electrique,10,784,34,10,26656,7840,,
activites,9,783,30,9,23490,7047,,
chretiens,9,783,42,9,32886,7047,,
manger,6,780,29,6,22620,4680,,
quel,4,779,10,4,7790,3116,,
discuter,8,778,12,8,9336,6224,,
voire,5,777,29,5,22533,3885,,
noire,5,776,34,5,26384,3880,,
realite,7,776,54,7,41904,5432,,
valeur,6,775,30,6,23250,4650,,
eme,3,775,15,3,11625,2325,,
province,8,775,20,8,15500,6200,,
comprend,8,775,19,8,14725,6200,,
directement,11,774,17,11,13158,8514,,
ecoles,6,772,27,6,20844,4632,,
americains,10,771,34,10,26214,7710,,
urss,4,770,14,4,10780,3080,,
creee,5,770,40,5,30800,3850,,
reseau,6,770,35,6,26950,4620,,
matiere,7,769,36,7,27684,5383,,
religieux,9,769,38,9,29222,6921,,
dynastie,8,769,24,8,18456,6152,,
association,11,767,33,11,25311,8437,,
types,5,766,29,5,22214,3830,,
autoroute,9,766,26,9,19916,6894,,
univers,7,765,16,7,12240,5355,,
lire,4,765,10,4,7650,3060,,
acces,5,763,27,5,20601,3815,,
chaine,6,763,20,6,15260,4578,,
chasse,6,761,25,6,19025,4566,,
montagnes,9,761,30,9,22830,6849,,
facilement,10,760,23,10,17480,7600,,
kilometres,10,760,51,10,38760,7600,,
minutes,7,760,22,7,16720,5320,,
village,7,758,34,7,25772,5306,,
questions,9,757,16,9,12112,6813,,
ta,2,756,18,2,13608,1512,,
programme,9,756,17,9,12852,6804,,
feuilles,8,755,30,8,22650,6040,,
etoiles,7,754,30,7,22620,5278,,
passage,7,753,12,7,9036,5271,,
chemin,6,753,23,6,17319,4518,,
salle,5,751,21,5,15771,3755,,
cathedrale,10,749,66,10,49434,7490,,
entree,6,748,33,6,24684,4488,,
mont,4,748,18,4,13464,2992,,
code,4,748,20,4,14960,2992,,
pression,8,747,15,8,11205,5976,,
principaux,10,747,18,10,13446,7470,,
masse,5,746,25,5,18650,3730,,
raconte,7,744,38,7,28272,5208,,
lieux,5,744,12,5,8928,3720,,
designe,7,742,14,7,10388,5194,,
sante,5,742,17,5,12614,3710,,
large,5,742,13,5,9646,3710,,
simplement,10,741,29,10,21489,7410,,
blanche,7,740,27,7,19980,5180,,
former,6,740,20,6,14800,4440,,
fleuve,6,740,24,6,17760,4440,,
wp,2,740,44,2,32560,1480,,
grecs,5,739,27,5,19953,3695,,
superficie,10,738,31,10,22878,7380,,
york,4,737,33,4,24321,2948,,
poste,5,737,13,5,9581,3685,,
manque,6,736,23,6,16928,4416,,
hauteur,7,735,32,7,23520,5145,,
japonais,8,735,29,8,21315,5880,,
fonctions,9,734,23,9,16882,6606,,
humain,6,734,33,6,24222,4404,,
inde,4,734,27,4,19818,2936,,
moyens,6,734,26,6,19084,4404,,
mesures,7,734,21,7,15414,5138,,
garde,5,734,23,5,16882,3670,,
suisse,6,733,21,6,15393,4398,,
quartier,8,732,19,8,13908,5856,,
importants,10,732,37,10,27084,7320,,
commerce,8,732,21,8,15372,5856,,
apparait,8,732,33,8,24156,5856,,
lutte,5,732,14,5,10248,3660,,
trouvent,8,731,29,8,21199,5848,,
samedi,6,731,28,6,20468,4386,,
importantes,11,730,40,11,29200,8030,,
montre,6,729,20,6,14580,4374,,
semble,6,727,16,6,11632,4362,,
puisque,7,727,16,7,11632,5089,,
construire,10,727,21,10,15267,7270,,
entier,6,726,20,6,14520,4356,,
belge,5,726,29,5,21054,3630,,
voie,4,724,29,4,20996,2896,,
atteint,7,722,23,7,16606,5054,,
train,5,722,24,5,17328,3610,,
chanson,7,722,21,7,15162,5054,,
communaute,10,722,20,10,14440,7220,,
xxe,3,722,42,3,30324,2166,,
continue,8,721,17,8,12257,5768,,
kg,2,720,42,2,30240,1440,,
atteindre,9,719,26,9,18694,6471,,
duree,5,719,28,5,20132,3595,,
participe,9,719,13,9,9347,6471,,
fruits,6,719,22,6,15818,4314,,
avance,6,716,25,6,17900,4296,,
proches,7,716,11,7,7876,5012,,
voyage,6,716,35,6,25060,4296,,
propose,7,714,11,7,7854,4998,,
votre,5,714,31,5,22134,3570,,
russes,6,714,38,6,27132,4284,,
veulent,7,713,39,7,27807,4991,,
course,6,713,17,6,12121,4278,,
travailler,10,713,32,10,22816,7130,,
connait,7,712,22,7,15664,4984,,
lac,3,712,9,3,6408,2136,,
position,8,710,13,8,9230,5680,,
police,6,710,14,6,9940,4260,,
marque,6,709,22,6,15598,4254,,
du,2,708,6,2,4248,1416,,
decision,8,707,27,8,19089,5656,,
paysans,7,707,13,7,9191,4949,,
partout,7,706,15,7,10590,4942,,
belle,5,706,28,5,19768,3530,,
montagne,8,706,27,8,19062,5648,,
protection,10,704,22,10,15488,7040,,
grece,5,703,32,5,22496,3515,,
riche,5,702,32,5,22464,3510,,
chat,4,701,20,4,14020,2804,,
maitre,6,701,23,6,16123,4206,,
actuelle,8,701,28,8,19628,5608,,
composee,8,700,38,8,26600,5600,,
iv,2,698,28,2,19544,1396,,
laisse,6,697,9,6,6273,4182,,
compagnie,9,696,20,9,13920,6264,,
explique,8,695,23,8,15985,5560,,
unique,6,695,16,6,11120,4170,,
securite,8,695,26,8,18070,5560,,
armees,6,695,47,6,32665,4170,,
eaux,4,694,22,4,15268,2776,,
poids,5,693,16,5,11088,3465,,
appel,5,693,26,5,18018,3465,,
lignes,6,692,17,6,11764,4152,,
pied,4,692,15,4,10380,2768,,
ait,3,690,14,3,9660,2070,,
soient,6,688,22,6,15136,4128,,
sur,3,687,15,3,10305,2061,,
michel,6,686,24,6,16464,4116,,
universite,10,686,20,10,13720,6860,,
permettre,9,685,15,9,10275,6165,,
facile,6,685,17,6,11645,4110,,
bord,4,685,27,4,18495,2740,,
membre,6,685,21,6,14385,4110,,
heros,5,685,43,5,29455,3425,,
grecque,7,684,27,7,18468,4788,,
cheval,6,683,25,6,17075,4098,,
paul,4,683,15,4,10245,2732,,
tr,2,682,17,2,11594,1364,,
dure,4,681,10,4,6810,2724,,
g,1,681,17,1,11577,681,,
utilises,8,680,24,8,16320,5440,,
parlement,9,680,14,9,9520,6120,,
necessaire,10,680,43,10,29240,6800,,
fleurs,6,679,24,6,16296,4074,,
piece,5,678,25,5,16950,3390,,
utilisateurs,12,678,25,12,16950,8136,,
uniquement,10,677,22,10,14894,6770,,
utilisation,11,677,23,11,15571,7447,,
quantite,8,677,20,8,13540,5416,,
decouvert,9,676,30,9,20280,6084,,
decide,6,676,17,6,11492,4056,,
crise,5,675,19,5,12825,3375,,
chinois,7,674,19,7,12806,4718,,
permis,6,673,14,6,9422,4038,,
symbole,7,673,26,7,17498,4711,,
peur,4,669,13,4,8697,2676,,
attention,9,668,27,9,18036,6012,,
royal,5,666,45,5,29970,3330,,
noms,4,666,32,4,21312,2664,,
principale,10,665,16,10,10640,6650,,
influence,9,665,34,9,22610,5985,,
risque,6,664,31,6,20584,3984,,
pages,5,663,12,5,7956,3315,,
interdit,8,662,27,8,17874,5296,,
regarder,8,661,40,8,26440,5288,,
entreprises,11,660,22,11,14520,7260,,
constitution,12,660,20,12,13200,7920,,
economie,8,660,29,8,19140,5280,,
marins,6,659,21,6,13839,3954,,
faible,6,659,18,6,11862,3954,,
actuel,6,658,26,6,17108,3948,,
compris,7,657,19,7,12483,4599,,
journal,7,657,24,7,15768,4599,,
justice,7,657,24,7,15768,4599,,
formes,6,656,19,6,12464,3936,,
jaune,5,655,28,5,18340,3275,,
forces,6,655,18,6,11790,3930,,
guerres,7,654,30,7,19620,4578,,
commence,8,654,18,8,11772,5232,,
artistes,8,653,28,8,18284,5224,,
resistance,10,653,46,10,30038,6530,,
occupe,6,651,28,6,18228,3906,,
musulmans,9,651,28,9,18228,5859,,
entreprise,10,651,20,10,13020,6510,,
changer,7,650,17,7,11050,4550,,
arbre,5,650,37,5,24050,3250,,
formation,9,650,20,9,13000,5850,,
bleu,4,648,24,4,15552,2592,,
technique,9,647,29,9,18763,5823,,
moderne,7,645,26,7,16770,4515,,
froid,5,644,17,5,10948,3220,,
sortie,6,643,20,6,12860,3858,,
royale,6,643,47,6,30221,3858,,
noirs,5,643,36,5,23148,3215,,
tombe,5,643,26,5,16718,3215,,
camp,4,642,21,4,13482,2568,,
rh,2,642,43,2,27606,1284,,
mains,5,641,20,5,12820,3205,,
citoyens,8,641,21,8,13461,5128,,
culte,5,641,20,5,12820,3205,,
professeur,10,641,19,10,12179,6410,,
devait,6,641,13,6,8333,3846,,
xviiie,6,641,44,6,28204,3846,,
internationale,14,640,31,14,19840,8960,,
techniques,10,638,31,10,19778,6380,,
situe,5,637,18,5,11466,3185,,
hors,4,637,32,4,20384,2548,,
pouvoirs,8,636,15,8,9540,5088,,
plante,6,636,18,6,11448,3816,,
historique,10,634,39,10,24726,6340,,
milliers,8,633,25,8,15825,5064,,
dispose,7,633,10,7,6330,4431,,
tente,5,633,24,5,15192,3165,,
resultat,8,632,41,8,25912,5056,,
decouverte,10,629,33,10,20757,6290,,
faisait,7,628,19,7,11932,4396,,
affaires,8,626,33,8,20658,5008,,
vent,4,626,25,4,15650,2504,,
rester,6,625,29,6,18125,3750,,
virus,5,625,35,5,21875,3125,,
italien,7,625,26,7,16250,4375,,
raisons,7,624,33,7,20592,4368,,
freres,6,623,34,6,21182,3738,,
chute,5,623,21,5,13083,3115,,
derriere,8,623,20,8,12460,4984,,
terrain,7,622,24,7,14928,4354,,
dessous,7,622,14,7,8708,4354,,
agriculture,11,622,37,11,23014,6842,,
principe,8,621,15,8,9315,4968,,
produire,8,621,16,8,9936,4968,,
distance,8,621,14,8,8694,4968,,
sovietique,10,621,57,10,35397,6210,,
textes,6,621,28,6,17388,3726,,
etres,5,620,23,5,14260,3100,,
es,2,619,9,2,5571,1238,,
honneur,7,618,40,7,24720,4326,,
ligue,5,618,17,5,10506,3090,,
chambre,7,617,20,7,12340,4319,,
queue,5,617,17,5,10489,3085,,
seine,5,617,19,5,11723,3085,,
imp,3,615,27,3,16605,1845,,
catholiques,11,615,28,11,17220,6765,,
canada,6,614,23,6,14122,3684,,
arabe,5,613,26,5,15938,3065,,
marine,6,613,20,6,12260,3678,,
atlantique,10,613,39,10,23907,6130,,
espagnol,8,612,23,8,14076,4896,,
aupres,6,612,32,6,19584,3672,,
alpes,5,611,34,5,20774,3055,,
eleve,5,610,25,5,15250,3050,,
choix,5,610,18,5,10980,3050,,
xiv,3,610,46,3,28060,1830,,
francaises,10,609,34,10,20706,6090,,
sorti,5,609,19,5,11571,3045,,
riches,6,609,35,6,21315,3654,,
theorie,7,609,47,7,28623,4263,,
services,8,608,16,8,9728,4864,,
charge,6,608,17,6,10336,3648,,
decouvrir,9,607,30,9,18210,5463,,
nouvel,6,607,30,6,18210,3642,,
defense,7,606,26,7,15756,4242,,
comporte,8,605,23,8,13915,4840,,
huit,4,605,31,4,18755,2420,,
bruxelles,9,604,32,9,19328,5436,,
retrouver,9,604,34,9,20536,5436,,
male,4,604,23,4,13892,2416,,
laisser,7,603,13,7,7839,4221,,
connus,6,603,21,6,12663,3618,,
portugal,8,603,20,8,12060,4824,,
rapide,6,602,33,6,19866,3612,,
ecriture,8,600,35,8,21000,4800,,
legende,7,600,25,7,15000,4200,,
autrefois,9,599,29,9,17371,5391,,
parvient,8,598,22,8,13156,4784,,
potter,6,598,24,6,14352,3588,,
arriere,7,597,29,7,17313,4179,,
divers,6,597,19,6,11343,3582,,
maisons,7,596,20,7,11920,4172,,
adore,5,593,35,5,20755,2965,,
presse,6,592,12,6,7104,3552,,
riviere,7,592,44,7,26048,4144,,
tuer,4,592,26,4,15392,2368,,
tes,3,591,18,3,10638,1773,,
transport,9,591,25,9,14775,5319,,
sainte,6,591,22,6,13002,3546,,
officielle,10,589,37,10,21793,5890,,
contraire,9,589,20,9,11780,5301,,
ami,3,589,23,3,13547,1767,,
mediterranee,12,588,66,12,38808,7056,,
importance,10,588,37,10,21756,5880,,
international,13,587,30,13,17610,7631,,
industrie,9,587,33,9,19371,5283,,
nombres,7,586,33,7,19338,4102,,
recu,4,586,31,4,18166,2344,,
fortement,9,586,24,9,14064,5274,,
connaitre,9,585,30,9,17550,5265,,
certain,7,585,18,7,10530,4095,,
existence,9,585,29,9,16965,5265,,
enseignement,12,585,26,12,15210,7020,,
al,2,584,17,2,9928,1168,,
amour,5,584,31,5,18104,2920,,
progressivement,15,584,27,15,15768,8760,,
autorite,8,584,24,8,14016,4672,,
ch,2,584,11,2,6424,1168,,
ressemble,9,584,36,9,21024,5256,,
defaite,7,584,29,7,16936,4088,,
mission,7,584,21,7,12264,4088,,
campagne,8,584,25,8,14600,4672,,
oui,3,583,26,3,15158,1749,,
statut,6,581,19,6,11039,3486,,
administration,14,580,42,14,24360,8120,,
partis,6,577,12,6,6924,3462,,
cousin,6,577,23,6,13271,3462,,
generale,8,576,39,8,22464,4608,,
batiments,9,576,47,9,27072,5184,,
mathematiques,13,575,59,13,33925,7475,,
etats,5,575,18,5,10350,2875,,
neanmoins,9,575,53,9,30475,5175,,
correspond,10,574,23,10,13202,5740,,
capable,7,574,27,7,15498,4018,,
poisson,7,574,22,7,12628,4018,,
vivants,7,574,42,7,24108,4018,,
participer,10,573,15,10,8595,5730,,
chaleur,7,573,27,7,15471,4011,,
vallee,6,573,47,6,26931,3438,,
donnees,7,572,37,7,21164,4004,,
navires,7,572,40,7,22880,4004,,
nourrit,7,572,33,7,18876,4004,,
consiste,8,571,19,8,10849,4568,,
cellules,8,571,23,8,13133,4568,,
frontiere,9,570,31,9,17670,5130,,
lettres,7,569,16,7,9104,3983,,
doute,5,569,12,5,6828,2845,,
orient,6,568,24,6,13632,3408,,
radio,5,568,36,5,20448,2840,,
carte,5,568,18,5,10224,2840,,
mur,3,567,24,3,13608,1701,,
categorie,9,567,50,9,28350,5103,,
milliards,9,567,24,9,13608,5103,,
zones,5,567,32,5,18144,2835,,
forme,5,566,17,5,9622,2830,,
provoque,8,566,20,8,11320,4528,,
dimanche,8,565,22,8,12430,4520,,
danger,6,565,14,6,7910,3390,,
decouvre,8,565,30,8,16950,4520,,
utilisent,9,565,24,9,13560,5085,,
mouvements,10,565,32,10,18080,5650,,
regulierement,13,564,73,13,41172,7332,,
prison,6,564,13,6,7332,3384,,
experience,10,564,52,10,29328,5640,,
sortes,6,564,24,6,13536,3384,,
allies,6,564,29,6,16356,3384,,
viennent,8,563,32,8,18016,4504,,
sais,4,563,18,4,10134,2252,,
tours,5,563,26,5,14638,2815,,
importe,7,563,31,7,17453,3941,,
deviennent,10,563,22,10,12386,5630,,
servir,6,562,16,6,8992,3372,,
comte,5,562,19,5,10678,2810,,
numero,6,561,39,6,21879,3366,,
qualite,7,560,18,7,10080,3920,,
australie,9,560,33,9,18480,5040,,
viande,6,558,42,6,23436,3348,,
science,7,557,24,7,13368,3899,,
forets,6,557,38,6,21166,3342,,
permettant,10,557,17,10,9469,5570,,
principales,11,557,17,11,9469,6127,,
nomme,5,557,31,5,17267,2785,,
adultes,7,556,40,7,22240,3892,,
bourgogne,9,556,33,9,18348,5004,,
sexualite,9,556,29,9,16124,5004,,
mario,5,555,23,5,12765,2775,,
signe,5,554,20,5,11080,2770,,
pologne,7,554,16,7,8864,3878,,
relations,9,554,38,9,21052,4986,,
metier,6,554,26,6,14404,3324,,
victimes,8,551,35,8,19285,4408,,
antique,7,551,22,7,12122,3857,,
quelqu,6,550,12,6,6600,3300,,
bande,5,550,26,5,14300,2750,,
chien,5,550,21,5,11550,2750,,
esclaves,8,550,26,8,14300,4400,,
quitte,6,550,15,6,8250,3300,,
peine,5,549,19,5,10431,2745,,
fil,3,549,13,3,7137,1647,,
ukraine,7,549,35,7,19215,3843,,
anciennes,9,549,26,9,14274,4941,,
apprendre,9,548,34,9,18632,4932,,
suivante,8,548,27,8,14796,4384,,
sciences,8,548,26,8,14248,4384,,
chefs,5,547,17,5,9299,2735,,
apparition,10,547,40,10,21880,5470,,
fit,3,547,19,3,10393,1641,,
joseph,6,547,27,6,14769,3282,,
puisqu,6,546,15,6,8190,3276,,
classique,9,546,32,9,17472,4914,,
environnement,13,545,35,13,19075,7085,,
rue,3,545,38,3,20710,1635,,
extreme,7,545,24,7,13080,3815,,
seigneur,8,545,27,8,14715,4360,,
aime,4,544,23,4,12512,2176,,
contenu,7,544,18,7,9792,3808,,
suivant,7,543,24,7,13032,3801,,
vol,3,543,28,3,15204,1629,,
fondee,6,543,35,6,19005,3258,,
communiste,10,543,24,10,13032,5430,,
difference,10,542,38,10,20596,5420,,
totalement,10,542,35,10,18970,5420,,
demander,8,541,17,8,9197,4328,,
sujets,6,541,28,6,15148,3246,,
salut,5,541,24,5,12984,2705,,
rouges,6,540,37,6,19980,3240,,
provinces,9,539,24,9,12936,4851,,
mondial,7,538,21,7,11298,3766,,
naturel,7,536,32,7,17152,3752,,
devenue,7,536,17,7,9112,3752,,
bras,4,536,26,4,13936,2144,,
xvie,4,536,42,4,22512,2144,,
bresil,6,536,38,6,20368,3216,,
etude,5,535,27,5,14445,2675,,
maladies,8,535,28,8,14980,4280,,
hitler,6,535,43,6,23005,3210,,
beau,4,534,28,4,14952,2136,,
celebres,8,533,37,8,19721,4264,,
simon,5,533,26,5,13858,2665,,
sommet,6,532,26,6,13832,3192,,
alexandre,9,532,30,9,15960,4788,,
langage,7,531,16,7,8496,3717,,
realise,7,531,54,7,28674,3717,,
senat,5,531,18,5,9558,2655,,
bonaparte,9,531,42,9,22302,4779,,
expression,10,531,28,10,14868,5310,,
moteur,6,530,25,6,13250,3180,,
pouvaient,9,530,17,9,9010,4770,,
diverses,8,529,27,8,14283,4232,,
difficultes,11,529,27,11,14283,5819,,
canal,5,529,21,5,11109,2645,,
equipes,7,529,41,7,21689,3703,,
avions,6,528,28,6,14784,3168,,
usage,5,528,18,5,9504,2640,,
restent,7,528,31,7,16368,3696,,
perd,4,528,13,4,6864,2112,,
construite,10,528,22,10,11616,5280,,
stade,5,528,22,5,11616,2640,,
revient,7,527,38,7,20026,3689,,
information,11,527,35,11,18445,5797,,
k,1,527,25,1,13175,527,,
disparu,7,526,11,7,5786,3682,,
objectif,8,525,32,8,16800,4200,,
mammiferes,10,525,59,10,30975,5250,,
combats,7,525,19,7,9975,3675,,
quatrieme,9,524,24,9,12576,4716,,
basse,5,524,29,5,15196,2620,,
ouverture,9,524,24,9,12576,4716,,
servent,7,524,17,7,8908,3668,,
quelle,6,523,13,6,6799,3138,,
lance,5,523,7,5,3661,2615,,
veux,4,523,35,4,18305,2092,,
litterature,11,523,40,11,20920,5753,,
lille,5,523,25,5,13075,2615,,
competition,11,522,32,11,16704,5742,,
total,5,522,27,5,14094,2610,,
suivre,6,521,22,6,11462,3126,,
loup,4,521,18,4,9378,2084,,
malheureusement,15,520,40,15,20800,7800,,
rejoint,7,520,43,7,22360,3640,,
lait,4,520,9,4,4680,2080,,
outils,6,520,26,6,13520,3120,,
marche,6,520,19,6,9880,3120,,
donnent,7,517,20,7,10340,3619,,
batiment,8,516,45,8,23220,4128,,
lien,4,516,9,4,4644,2064,,
voiture,7,515,32,7,16480,3605,,
envie,5,515,24,5,12360,2575,,
maire,5,515,18,5,9270,2575,,
ecrivain,8,514,36,8,18504,4112,,
olympiques,10,514,35,10,17990,5140,,
refuse,6,513,38,6,19494,3078,,
civile,6,512,25,6,12800,3072,,
vert,4,512,26,4,13312,2048,,
venir,5,511,29,5,14819,2555,,
double,6,511,14,6,7154,3066,,
faite,5,510,15,5,7650,2550,,
in,2,510,17,2,8670,1020,,
edition,7,509,31,7,15779,3563,,
ts,2,509,20,2,10180,1018,,
electricite,11,509,38,11,19342,5599,,
john,4,509,23,4,11707,2036,,
avion,5,508,27,5,13716,2540,,
ailes,5,508,25,5,12700,2540,,
possedent,9,508,49,9,24892,4572,,
utc,3,508,24,3,12192,1524,,
jeunesse,8,507,25,8,12675,4056,,
cirque,6,507,28,6,14196,3042,,
exterieur,9,507,42,9,21294,4563,,
prennent,8,507,18,8,9126,4056,,
oubliee,7,507,57,7,28899,3549,,
change,6,506,16,6,8096,3036,,
mythologie,10,506,36,10,18216,5060,,
adulte,6,506,37,6,18722,3036,,
actions,7,505,26,7,13130,3535,,
sources,7,505,21,7,10605,3535,,
solaire,7,505,28,7,14140,3535,,
sein,4,505,17,4,8585,2020,,
unite,5,504,17,5,8568,2520,,
dessin,6,504,12,6,6048,3024,,
francs,6,504,19,6,9576,3024,,
champion,8,504,20,8,10080,4032,,
communistes,11,504,26,11,13104,5544,,
soir,4,503,18,4,9054,2012,,
essentiellement,15,502,30,15,15060,7530,,
athenes,7,502,54,7,27108,3514,,
chaud,5,501,21,5,10521,2505,,
officiellement,14,501,43,14,21543,7014,,
cesar,5,501,16,5,8016,2505,,
annonce,7,500,21,7,10500,3500,,
gagner,6,499,29,6,14471,2994,,
conflit,7,499,19,7,9481,3493,,
protestants,11,499,27,11,13473,5489,,
arc,3,499,21,3,10479,1497,,
tiers,5,499,23,5,11477,2495,,
europeen,8,498,42,8,20916,3984,,
oiseau,6,498,26,6,12948,2988,,
germanique,10,498,46,10,22908,4980,,
central,7,498,22,7,10956,3486,,
deroule,7,497,25,7,12425,3479,,
court,5,497,15,5,7455,2485,,
defendre,8,497,28,8,13916,3976,,
matin,5,496,21,5,10416,2480,,
veritable,9,496,47,9,23312,4464,,
cadre,5,496,25,5,12400,2480,,
monarchie,9,496,32,9,15872,4464,,
pensent,7,495,21,7,10395,3465,,
marche,6,495,19,6,9405,2970,,
danse,5,495,11,5,5445,2475,,
originaire,10,495,28,10,13860,4950,,
biens,5,495,27,5,13365,2475,,
voter,5,495,33,5,16335,2475,,
sucre,5,495,23,5,11385,2475,,
pourra,6,494,11,6,5434,2964,,
opposition,10,494,31,10,15314,4940,,
neuf,4,494,27,4,13338,1976,,
operation,9,494,34,9,16796,4446,,
dangereux,9,493,19,9,9367,4437,,
division,8,492,21,8,10332,3936,,
belges,6,492,31,6,15252,2952,,
futur,5,492,21,5,10332,2460,,
machine,7,492,28,7,13776,3444,,
porter,6,491,13,6,6383,2946,,
meilleure,9,491,30,9,14730,4419,,
publie,6,490,16,6,7840,2940,,
choisi,6,490,18,6,8820,2940,,
autorites,9,490,26,9,12740,4410,,
decisions,9,489,29,9,14181,4401,,
rares,5,488,41,5,20008,2440,,
architecture,12,488,33,12,16104,5856,,
contact,7,487,18,7,8766,3409,,
front,5,486,16,5,7776,2430,,
ordinateur,10,485,30,10,14550,4850,,
encyclopedie,12,485,47,12,22795,5820,,
probablement,12,484,25,12,12100,5808,,
television,10,484,52,10,25168,4840,,
ceci,4,484,25,4,12100,1936,,
liquide,7,484,15,7,7260,3388,,
convention,10,484,27,10,13068,4840,,
continent,9,484,20,9,9680,4356,,
sortir,6,483,21,6,10143,2898,,
departements,12,483,28,12,13524,5796,,
wiki,4,483,37,4,17871,1932,,
entierement,11,481,45,11,21645,5291,,
os,2,481,19,2,9139,962,,
esprit,6,480,19,6,9120,2880,,
melange,7,480,38,7,18240,3360,,
eut,3,480,17,3,8160,1440,,
tradition,9,479,31,9,14849,4311,,
occidentale,11,479,40,11,19160,5269,,
males,5,479,25,5,11975,2395,,
mexique,7,479,27,7,12933,3353,,
bateau,6,478,29,6,13862,2868,,
guillaume,9,478,39,9,18642,4302,,
travaille,9,478,27,9,12906,4302,,
sable,5,478,21,5,10038,2390,,
phenomene,9,477,48,9,22896,4293,,
faits,5,477,16,5,7632,2385,,
perdu,5,477,14,5,6678,2385,,
puisse,6,477,14,6,6678,2862,,
trouve,6,476,24,6,11424,2856,,
pacifique,9,476,18,9,8568,4284,,
gris,4,476,27,4,12852,1904,,
partisans,9,476,16,9,7616,4284,,
eleve,5,475,25,5,11875,2375,,
euros,5,475,19,5,9025,2375,,
longues,7,475,14,7,6650,3325,,
loire,5,475,15,5,7125,2375,,
colonies,8,475,25,8,11875,3800,,
champs,6,474,19,6,9006,2844,,
modifier,8,473,26,8,12298,3784,,
pain,4,473,16,4,7568,1892,,
vieux,5,473,31,5,14663,2365,,
indique,7,472,28,7,13216,3304,,
souhaite,8,472,24,8,11328,3776,,
massif,6,472,30,6,14160,2832,,
renaissance,11,472,42,11,19824,5192,,
xviie,5,472,43,5,20296,2360,,
clerge,6,472,29,6,13688,2832,,
populations,11,472,22,11,10384,5192,,
pouvez,6,472,19,6,8968,2832,,
ecologie,8,471,29,8,13659,3768,,
rare,4,471,40,4,18840,1884,,
mi,2,471,14,2,6594,942,,
elus,4,471,29,4,13659,1884,,
eglises,7,471,41,7,19311,3297,,
fonctionnement,14,471,34,14,16014,6594,,
vi,2,470,23,2,10810,940,,
remporte,8,469,33,8,15477,3752,,
monnaie,7,468,28,7,13104,3276,,
rejoindre,9,468,46,9,21528,4212,,
oppose,6,468,29,6,13572,2808,,
quant,5,468,12,5,5616,2340,,
joue,4,466,21,4,9786,1864,,
installer,9,466,29,9,13514,4194,,
temoigne,8,466,43,8,20038,3728,,
pauvres,7,466,21,7,9786,3262,,
candidat,8,466,23,8,10718,3728,,
entrer,6,465,17,6,7905,2790,,
constantinople,14,465,48,14,22320,6510,,
assurer,7,465,29,7,13485,3255,,
deesse,6,465,39,6,18135,2790,,
nourrir,7,464,34,7,15776,3248,,
interet,7,464,43,7,19952,3248,,
nicolas,7,463,32,7,14816,3241,,
aventures,9,462,34,9,15708,4158,,
apparaissent,12,462,40,12,18480,5544,,
uf,2,462,23,2,10626,924,,
noblesse,8,462,45,8,20790,3696,,
terrestre,9,462,32,9,14784,4158,,
papier,6,461,19,6,8759,2766,,
auguste,7,461,35,7,16135,3227,,
algerie,7,461,31,7,14291,3227,,
eteint,6,461,36,6,16596,2766,,
religieuse,10,460,40,10,18400,4600,,
constitue,9,460,18,9,8280,4140,,
remporte,8,460,33,8,15180,3680,,
calendrier,10,459,30,10,13770,4590,,
realiser,8,459,55,8,25245,3672,,
sites,5,459,17,5,7803,2295,,
tableau,7,459,30,7,13770,3213,,
blancs,6,459,28,6,12852,2754,,
tient,5,458,21,5,9618,2290,,
espagnols,9,458,26,9,11908,4122,,
termine,7,458,25,7,11450,3206,,
developper,10,457,31,10,14167,4570,,
lutter,6,457,16,6,7312,2742,,
etend,5,457,27,5,12339,2285,,
dos,3,455,15,3,6825,1365,,
installe,8,455,27,8,12285,3640,,
mange,5,455,28,5,12740,2275,,
couple,6,455,18,6,8190,2730,,
somme,5,453,21,5,9513,2265,,
ministres,9,453,22,9,9966,4077,,
alliance,8,453,32,8,14496,3624,,
reportage,9,452,41,9,18532,4068,,
fr,2,452,12,2,5424,904,,
jules,5,452,29,5,13108,2260,,
continuer,9,451,18,9,8118,4059,,
montrer,7,450,23,7,10350,3150,,
thomas,6,450,28,6,12600,2700,,
robert,6,450,44,6,19800,2700,,
evolution,9,450,34,9,15300,4050,,
administrateur,14,450,43,14,19350,6300,,
tonnes,6,449,28,6,12572,2694,,
maximum,7,448,30,7,13440,3136,,
fonde,5,448,20,5,8960,2240,,
croix,5,448,23,5,10304,2240,,
publique,8,447,17,8,7599,3576,,
vienne,6,447,28,6,12516,2682,,
via,3,446,36,3,16056,1338,,
different,9,446,42,9,18732,4014,,
pieds,5,445,17,5,7565,2225,,
recherches,10,445,38,10,16910,4450,,
neige,5,444,34,5,15096,2220,,
developpe,9,444,29,9,12876,3996,,
arts,4,444,21,4,9324,1776,,
detruit,7,442,26,7,11492,3094,,
officiel,8,442,35,8,15470,3536,,
prusse,6,442,15,6,6630,2652,,
exposition,10,441,27,10,11907,4410,,
proximite,9,441,25,9,11025,3969,,
remplace,8,441,34,8,14994,3528,,
jardin,6,441,30,6,13230,2646,,
anti,4,440,16,4,7040,1760,,
vingt,5,440,32,5,14080,2200,,
noel,4,440,45,4,19800,1760,,
reprend,7,440,33,7,14520,3080,,
atmosphere,10,439,43,10,18877,4390,,
utilisees,9,439,41,9,17999,3951,,
metal,5,439,26,5,11414,2195,,
vaste,5,439,35,5,15365,2195,,
david,5,438,14,5,6132,2190,,
representant,12,438,65,12,28470,5256,,
acheter,7,438,28,7,12264,3066,,
presents,8,438,39,8,17082,3504,,
urs,3,438,7,3,3066,1314,,
partage,7,438,13,7,5694,3066,,
appartient,10,438,39,10,17082,4380,,
domaines,8,438,19,8,8322,3504,,
section,7,438,24,7,10512,3066,,
existent,8,437,27,8,11799,3496,,
personnel,9,437,14,9,6118,3933,,
envoie,6,437,25,6,10925,2622,,
vacances,8,437,41,8,17917,3496,,
dents,5,437,10,5,4370,2185,,
consideree,10,437,50,10,21850,4370,,
femelles,8,437,27,8,11799,3496,,
reporters,9,436,38,9,16568,3924,,
arreter,7,436,44,7,19184,3052,,
religieuses,11,436,41,11,17876,4796,,
and,3,436,15,3,6540,1308,,
bateaux,7,435,31,7,13485,3045,,
signe,5,434,20,5,8680,2170,,
reussi,6,434,40,6,17360,2604,,
ennemis,7,434,24,7,10416,3038,,
gare,4,434,23,4,9982,1736,,
championnat,11,434,28,11,12152,4774,,
dernieres,9,433,26,9,11258,3897,,
auteurs,7,433,25,7,10825,3031,,
islam,5,433,29,5,12557,2165,,
pose,4,433,10,4,4330,1732,,
reponse,7,433,42,7,18186,3031,,
apprend,7,432,32,7,13824,3024,,
seraient,8,432,19,8,8208,3456,,
coulisses,9,432,31,9,13392,3888,,
suit,4,431,17,4,7327,1724,,
romans,6,431,45,6,19395,2586,,
pierres,7,431,18,7,7758,3017,,
fabrication,11,431,28,11,12068,4741,,
repondre,8,431,43,8,18533,3448,,
humaine,7,431,34,7,14654,3017,,
chance,6,430,18,6,7740,2580,,
chansons,8,430,23,8,9890,3440,,
nintendo,8,430,49,8,21070,3440,,
ouvert,6,430,20,6,8600,2580,,
cher,4,430,14,4,6020,1720,,
centaines,9,429,26,9,11154,3861,,
lettre,6,429,14,6,6006,2574,,
developpe,9,429,29,9,12441,3861,,
tue,3,429,24,3,10296,1287,,
liens,5,429,12,5,5148,2145,,
organise,8,429,29,8,12441,3432,,
appelees,8,428,62,8,26536,3424,,
murs,4,428,27,4,11556,1712,,
pouvant,7,428,14,7,5992,2996,,
portugais,9,428,22,9,9416,3852,,
mauvais,7,427,28,7,11956,2989,,
ameliorer,9,427,50,9,21350,3843,,
classes,7,426,28,7,11928,2982,,
halloween,9,426,73,9,31098,3834,,
outre,5,426,23,5,9798,2130,,
victime,7,426,33,7,14058,2982,,
mda,3,426,32,3,13632,1278,,
nobles,6,425,42,6,17850,2550,,
zeus,4,425,38,4,16150,1700,,
dinosaures,10,425,37,10,15725,4250,,
ere,3,424,26,3,11024,1272,,
presidentielle,14,424,26,14,11024,5936,,
naturelle,9,424,34,9,14416,3816,,
chevaux,7,424,27,7,11448,2968,,
dehors,6,423,20,6,8460,2538,,
gagne,5,423,27,5,11421,2115,,
grave,5,423,26,5,10998,2115,,
succede,7,422,38,7,16036,2954,,
fabriquer,9,422,28,9,11816,3798,,
propres,7,421,14,7,5894,2947,,
resultats,9,421,42,9,17682,3789,,
videos,6,421,46,6,19366,2526,,
enfance,7,421,26,7,10946,2947,,
payer,5,421,10,5,4210,2105,,
conquete,8,421,33,8,13893,3368,,
responsable,11,420,34,11,14280,4620,,
huile,5,420,34,5,14280,2100,,
cerveau,7,420,28,7,11760,2940,,
finit,5,420,15,5,6300,2100,,
frontieres,10,419,35,10,14665,4190,,
volonte,7,419,33,7,13827,2933,,
socialiste,10,419,22,10,9218,4190,,
record,6,418,33,6,13794,2508,,
plat,4,418,14,4,5852,1672,,
etrangers,9,417,26,9,10842,3753,,
lesquels,8,417,15,8,6255,3336,,
extremement,11,417,32,11,13344,4587,,
ouvriers,8,417,25,8,10425,3336,,
envoyer,7,417,25,7,10425,2919,,
concernant,10,416,23,10,9568,4160,,
normandie,9,416,50,9,20800,3744,,
aspect,6,416,29,6,12064,2496,,
soutien,7,416,19,7,7904,2912,,
designer,8,416,17,8,7072,3328,,
anne,4,416,17,4,7072,1664,,
methode,7,416,27,7,11232,2912,,
navire,6,416,39,6,16224,2496,,
iranienne,9,416,30,9,12480,3744,,
consommation,12,415,24,12,9960,4980,,
forcement,9,415,24,9,9960,3735,,
turquie,7,415,28,7,11620,2905,,
peinture,8,415,25,8,10375,3320,,
publie,6,415,16,6,6640,2490,,
chevaliers,10,415,37,10,15355,4150,,
individus,9,415,32,9,13280,3735,,
meilleurs,9,414,29,9,12006,3726,,
episode,7,414,35,7,14490,2898,,
revanche,8,414,40,8,16560,3312,,
charge,6,414,17,6,7038,2484,,
marin,5,414,19,5,7866,2070,,
iraniennes,10,414,32,10,13248,4140,,
obligatoire,11,413,35,11,14455,4543,,
star,4,413,18,4,7434,1652,,
mettent,7,413,25,7,10325,2891,,
vis,3,413,25,3,10325,1239,,
faites,6,412,17,6,7004,2472,,
race,4,412,37,4,15244,1648,,
ajouter,7,412,38,7,15656,2884,,
mari,4,412,18,4,7416,1648,,
immense,7,411,39,7,16029,2877,,
couronne,8,411,28,8,11508,3288,,
application,11,411,37,11,15207,4521,,
vapeur,6,411,40,6,16440,2466,,
sociale,7,411,20,7,8220,2877,,
choisir,7,410,22,7,9020,2870,,
obtenu,6,410,32,6,13120,2460,,
proies,6,409,30,6,12270,2454,,
enorme,6,409,38,6,15542,2454,,
planetes,8,409,28,8,11452,3272,,
versailles,10,409,36,10,14724,4090,,
proces,6,409,10,6,4090,2454,,
reconnu,7,408,33,7,13464,2856,,
augmenter,9,408,40,9,16320,3672,,
chercher,8,408,19,8,7752,3264,,
jerusalem,9,408,35,9,14280,3672,,
ennemi,6,408,23,6,9384,2448,,
vendredi,8,407,32,8,13024,3256,,
nucleaire,9,407,56,9,22792,3663,,
photos,6,406,18,6,7308,2436,,
covid,5,406,35,5,14210,2030,,
bassin,6,406,32,6,12992,2436,,
deplacer,8,406,28,8,11368,3248,,
jusque,6,406,25,6,10150,2436,,
europeennes,11,406,58,11,23548,4466,,
remplacer,9,405,37,9,14985,3645,,
alba,4,405,36,4,14580,1620,,
declare,7,404,29,7,11716,2828,,
empecher,8,404,37,8,14948,3232,,
superieur,9,404,48,9,19392,3636,,
aliments,8,404,29,8,11716,3232,,
mille,5,404,20,5,8080,2020,,
italienne,9,404,31,9,12524,3636,,
suffit,6,403,27,6,10881,2418,,
alimentation,12,403,34,12,13702,4836,,
george,6,403,29,6,11687,2418,,
portes,6,403,15,6,6045,2418,,
dame,4,403,12,4,4836,1612,,
peche,5,403,21,5,8463,2015,,
puissant,8,402,17,8,6834,3216,,
reaction,8,401,54,8,21654,3208,,
devrait,7,401,14,7,5614,2807,,
hongrie,7,401,34,7,13634,2807,,
cent,4,401,16,4,6416,1604,,
cherche,7,401,17,7,6817,2807,,
conseils,8,401,19,8,7619,3208,,
flotte,6,401,25,6,10025,2406,,
affaire,7,399,31,7,12369,2793,,
titres,6,399,25,6,9975,2394,,
martin,6,399,29,6,11571,2394,,
echange,7,399,29,7,11571,2793,,
carbone,7,399,27,7,10773,2793,,
envers,6,398,25,6,9950,2388,,
domination,10,398,20,10,7960,3980,,
tome,4,397,30,4,11910,1588,,
relief,6,397,38,6,15086,2382,,
instrument,10,397,33,10,13101,3970,,
augmente,8,397,37,8,14689,3176,,
sinon,5,397,25,5,9925,1985,,
candidats,9,397,25,9,9925,3573,,
concerne,8,397,19,8,7543,3176,,
caractere,9,396,45,9,17820,3564,,
endroits,8,396,23,8,9108,3168,,
attendre,8,395,25,8,9875,3160,,
spectacle,9,395,23,9,9085,3555,,
vecu,4,395,33,4,13035,1580,,
princesse,9,395,22,9,8690,3555,,
souris,6,395,21,6,8295,2370,,
portent,7,394,19,7,7486,2758,,
augmentation,12,394,40,12,15760,4728,,
berlin,6,394,31,6,12214,2364,,
maritime,8,394,28,8,11032,3152,,
definitivement,14,394,42,14,16548,5516,,
impossible,10,393,37,10,14541,3930,,
sociaux,7,393,21,7,8253,2751,,
completement,12,393,42,12,16506,4716,,
opera,5,393,27,5,10611,1965,,
vetements,9,393,55,9,21615,3537,,
seigneurs,9,393,29,9,11397,3537,,
medecin,7,393,29,7,11397,2751,,
materiel,8,393,35,8,13755,3144,,
caracteristiques,16,393,50,16,19650,6288,,
roches,6,393,34,6,13362,2358,,
christ,6,392,19,6,7448,2352,,
avais,5,392,25,5,9800,1960,,
evenement,9,392,49,9,19208,3528,,
attaques,8,392,26,8,10192,3136,,
comte,5,392,19,5,7448,1960,,
courte,6,392,18,6,7056,2352,,
turcs,5,391,28,5,10948,1955,,
bible,5,391,38,5,14858,1955,,
predateurs,10,391,25,10,9775,3910,,
gout,4,391,29,4,11339,1564,,
voulait,7,391,33,7,12903,2737,,
element,7,391,35,7,13685,2737,,
changement,10,390,22,10,8580,3900,,
reseaux,7,390,36,7,14040,2730,,
categories,10,390,53,10,20670,3900,,
fera,4,390,20,4,7800,1560,,
midi,4,389,25,4,9725,1556,,
willy,5,389,35,5,13615,1945,,
cercle,6,389,20,6,7780,2334,,
rose,4,389,34,4,13226,1556,,
nommee,6,388,43,6,16684,2328,,
ours,4,388,17,4,6596,1552,,
peninsule,9,388,30,9,11640,3492,,
christianisme,13,388,39,13,15132,5044,,
prisonniers,11,388,23,11,8924,4268,,
garder,6,387,25,6,9675,2322,,
adresse,7,387,33,7,12771,2709,,
suivi,5,387,20,5,7740,1935,,
solution,8,387,23,8,8901,3096,,
morte,5,386,22,5,8492,1930,,
note,4,386,31,4,11966,1544,,
rock,4,385,38,4,14630,1540,,
garcons,7,385,35,7,13475,2695,,
rive,4,385,31,4,11935,1540,,
morceaux,8,385,30,8,11550,3080,,
cinquieme,9,384,34,9,13056,3456,,
organise,8,384,29,8,11136,3072,,
inspire,7,384,29,7,11136,2688,,
chant,5,384,16,5,6144,1920,,
matieres,8,383,40,8,15320,3064,,
nations,7,383,30,7,11490,2681,,
telle,5,383,24,5,9192,1915,,
absence,7,382,34,7,12988,2674,,
hauts,5,382,32,5,12224,1910,,
certaine,8,382,19,8,7258,3056,,
disparition,11,382,20,11,7640,4202,,
graines,7,382,35,7,13370,2674,,
acteur,6,381,25,6,9525,2286,,
gagne,5,381,27,5,10287,1905,,
monuments,9,381,33,9,12573,3429,,
diametre,8,381,45,8,17145,3048,,
orleans,7,381,42,7,16002,2667,,
connues,7,381,23,7,8763,2667,,
limite,6,381,19,6,7239,2286,,
reference,9,380,61,9,23180,3420,,
alphabet,8,380,38,8,14440,3040,,
reprendre,9,380,35,9,13300,3420,,
offre,5,380,32,5,12160,1900,,
commencent,10,380,23,10,8740,3800,,
elevage,7,380,32,7,12160,2660,,
memoire,7,380,37,7,14060,2660,,
web,3,380,31,3,11780,1140,,
archipel,8,380,30,8,11400,3040,,
capables,8,379,29,8,10991,3032,,
chretienne,10,379,42,10,15918,3790,,
representent,12,379,62,12,23498,4548,,
bacteries,9,379,47,9,17813,3411,,
israel,6,379,31,6,11749,2274,,
republicains,12,379,44,12,16676,4548,,
cycle,5,378,27,5,10206,1890,,
savant,6,378,28,6,10584,2268,,
revenir,7,378,37,7,13986,2646,,
visible,7,378,31,7,11718,2646,,
redaction,9,378,57,9,21546,3402,,
occupation,10,378,31,10,11718,3780,,
propriete,9,377,28,9,10556,3393,,
visite,6,377,29,6,10933,2262,,
vii,3,377,38,3,14326,1131,,
issue,5,377,24,5,9048,1885,,
vaut,4,377,32,4,12064,1508,,
pousse,6,377,12,6,4524,2262,,
transports,10,377,29,10,10933,3770,,
evenements,10,376,51,10,19176,3760,,
messages,8,376,24,8,9024,3008,,
devaient,8,376,16,8,6016,3008,,
accepte,7,376,29,7,10904,2632,,
ressources,10,376,34,10,12784,3760,,
echelle,7,376,32,7,12032,2632,,
capacite,8,376,27,8,10152,3008,,
camps,5,376,24,5,9024,1880,,
revenus,7,375,37,7,13875,2625,,
chacune,7,375,25,7,9375,2625,,
invente,7,375,37,7,13875,2625,,
colonie,7,375,22,7,8250,2625,,
utile,5,375,18,5,6750,1875,,
tourne,6,375,26,6,9750,2250,,
chimique,8,375,25,8,9375,3000,,
malade,6,374,25,6,9350,2244,,
auparavant,10,374,43,10,16082,3740,,
douze,5,374,14,5,5236,1870,,
windows,7,373,38,7,14174,2611,,
frederic,8,373,30,8,11190,2984,,
quitter,7,372,16,7,5952,2604,,
flandre,7,372,35,7,13020,2604,,
arabes,6,372,27,6,10044,2232,,
echec,5,372,24,5,8928,1860,,
croissance,10,372,27,10,10044,3720,,
bronze,6,372,30,6,11160,2232,,
vide,4,371,30,4,11130,1484,,
patrimoine,10,371,19,10,7049,3710,,
invasion,8,371,37,8,13727,2968,,
observer,8,371,37,8,13727,2968,,
buts,4,371,30,4,11130,1484,,
nez,3,371,29,3,10759,1113,,
drapeau,7,371,18,7,6678,2597,,
participe,9,370,13,9,4810,3330,,
wikipedia,9,370,46,9,17020,3330,,
duche,5,370,17,5,6290,1850,,
violence,8,369,37,8,13653,2952,,
voitures,8,369,34,8,12546,2952,,
parle,5,369,10,5,3690,1845,,
fruit,5,369,20,5,7380,1845,,
auraient,8,369,28,8,10332,2952,,
regle,5,369,49,5,18081,1845,,
lycee,5,369,34,5,12546,1845,,
periodes,8,369,36,8,13284,2952,,
disponible,10,368,15,10,5520,3680,,
roche,5,368,32,5,11776,1840,,
attaquer,8,368,27,8,9936,2944,,
traverse,8,368,28,8,10304,2944,,
presenter,9,368,39,9,14352,3312,,
projets,7,368,13,7,4784,2576,,
depend,6,367,16,6,5872,2202,,
tenir,5,367,25,5,9175,1835,,
envoye,6,367,24,6,8808,2202,,
directeur,9,367,13,9,4771,3303,,
lion,4,367,13,4,4771,1468,,
capitaine,9,367,31,9,11377,3303,,
complexe,8,367,22,8,8074,2936,,
expliquer,9,366,27,9,9882,3294,,
differente,10,366,45,10,16470,3660,,
mourir,6,366,26,6,9516,2196,,
revolte,7,366,43,7,15738,2562,,
generaux,8,366,44,8,16104,2928,,
marseille,9,366,26,9,9516,3294,,
discours,8,365,12,8,4380,2920,,
reduire,7,365,59,7,21535,2555,,
arriver,7,365,25,7,9125,2555,,
tellement,9,365,30,9,10950,3285,,
economiques,11,365,34,11,12410,4015,,
echapper,8,365,43,8,15695,2920,,
populaires,10,365,22,10,8030,3650,,
artiste,7,365,26,7,9490,2555,,
petrole,7,365,23,7,8395,2555,,
representants,13,365,67,13,24455,4745,,
contributions,13,365,25,13,9125,4745,,
hautes,6,364,33,6,12012,2184,,
www,3,364,34,3,12376,1092,,
james,5,364,26,5,9464,1820,,
million,7,363,21,7,7623,2541,,
utilisant,9,363,22,9,7986,3267,,
normalement,11,363,43,11,15609,3993,,
dizaines,8,363,28,8,10164,2904,,
quartiers,9,363,20,9,7260,3267,,
georges,7,362,31,7,11222,2534,,
organiser,9,362,30,9,10860,3258,,
euro,4,362,17,4,6154,1448,,
primaire,8,362,15,8,5430,2896,,
peintre,7,362,30,7,10860,2534,,
cap,3,362,21,3,7602,1086,,
bonnes,6,362,29,6,10498,2172,,
sauver,6,361,27,6,9747,2166,,
anniversaire,12,361,31,12,11191,4332,,
difficiles,10,361,20,10,7220,3610,,
arrivent,8,361,27,8,9747,2888,,
bouche,6,361,29,6,10469,2166,,
pate,4,361,13,4,4693,1444,,
modernes,8,361,31,8,11191,2888,,
vin,3,361,30,3,10830,1083,,
antoine,7,361,22,7,7942,2527,,
sicile,6,361,34,6,12274,2166,,
coreen,6,361,22,6,7942,2166,,
crees,5,360,30,5,10800,1800,,
social,6,360,18,6,6480,2160,,
sel,3,360,16,3,5760,1080,,
decrit,6,360,32,6,11520,2160,,
sommes,6,360,24,6,8640,2160,,
modifications,13,360,31,13,11160,4680,,
journaliste,11,359,28,11,10052,3949,,
accueil,7,359,28,7,10052,2513,,
champ,5,359,17,5,6103,1795,,
civilisation,12,359,33,12,11847,4308,,
ceremonie,9,358,44,9,15752,3222,,
necessaires,11,358,45,11,16110,3938,,
residence,9,358,40,9,14320,3222,,
byzantin,8,358,62,8,22196,2864,,
accueillir,10,357,37,10,13209,3570,,
erreur,6,357,21,6,7497,2142,,
compter,7,357,18,7,6426,2499,,
sultan,6,357,23,6,8211,2142,,
viii,4,357,39,4,13923,1428,,
architecte,10,357,30,10,10710,3570,,
menace,6,357,17,6,6069,2142,,
