word,Nb_char (C_w),Freq (F_w),Nb_scan (S_w),Nb_act,S_w x F_w,C_w x F_w,,,
de  ,4,369294,17,8,6277998,1477176,,,
la  ,4,231160,16,8,3698560,924640,,,
le ,3,201192,7,6,1408344,603576,,,
les ,4,172027,11,8,1892297,688108,,,
et ,3,162818,10,6,1628180,488454,,,
a ,2,142169,8,4,1137352,284338,,,"3,65686698874534"
est ,4,139273,14,8,1949822,557092,,,
en ,3,131424,10,6,1314240,394272,,,
des ,4,128016,10,8,1280160,512064,,,
d ,2,106690,5,4,533450,213380,,,
un ,3,98321,12,6,1179852,294963,,,
il ,3,86530,10,6,865300,259590,,,
du ,3,81566,9,6,734094,244698,,,
une ,4,77779,15,8,1166685,311116,,,
qui ,4,63007,15,8,945105,252028,,,
dans ,5,62106,16,10,993696,310530,,,
pour ,5,59206,20,10,1184120,296030,,,
par ,4,55637,12,8,667644,222548,,,
au ,3,46340,14,6,648760,139020,,,
que ,4,45724,14,8,640136,182896,,,
plus ,5,41215,18,10,741870,206075,,,
sont ,5,40154,22,10,883388,200770,,,
se ,3,35559,11,6,391149,106677,,,
c ,2,34853,8,4,278824,69706,,,
sur ,4,34442,18,8,619956,137768,,,
ou ,3,31878,14,6,446292,95634,,,
on ,3,30509,13,6,396617,91527,,,
son ,4,30237,17,8,514029,120948,,,
pas ,4,29643,13,8,385359,118572,,,
ce ,3,29011,8,6,232088,87033,,,
s ,2,28036,8,4,224288,56072,,,
elle ,5,27267,14,10,381738,136335,,,
avec ,5,26472,20,10,529440,132360,,,
qu ,3,25763,13,6,334919,77289,,,
mais ,5,25550,16,10,408800,127750,,,
ne ,3,24536,13,6,318968,73608,,,
comme ,6,22075,18,12,397350,132450,,,
n ,2,21546,10,4,215460,43092,,,
sa ,3,18696,12,6,224352,56088,,,
ils ,4,17444,14,8,244216,69776,,,
ont ,4,17423,18,8,313614,69692,,,
ete ,4,17041,14,8,238574,68164,,,
y ,2,16352,10,4,163520,32704,,,
aux ,4,16302,20,8,326040,65208,,,
tres ,5,16228,18,10,292104,81140,,,
aussi ,6,15694,25,12,392350,94164,,,
ses ,4,15661,16,8,250576,62644,,,
cette ,6,15351,20,12,307020,92106,,,
fait ,5,14532,17,10,247044,72660,,,
peut ,5,13949,19,10,265031,69745,,,
leur ,5,13586,16,10,217376,67930,,,
deux ,5,13274,16,10,212384,66370,,,
etre ,5,13146,17,10,223482,65730,,,
meme ,5,12315,14,10,172410,61575,,,
etait ,6,11616,22,12,255552,69696,,,
entre ,6,11581,21,12,243201,69486,,,
je ,3,11517,10,6,115170,34551,,,
france ,7,10672,21,14,224112,74704,,,
apres ,6,10577,26,12,275002,63462,,,
autres ,7,10414,29,14,302006,72898,,,
pays ,5,10308,17,10,175236,51540,,,
ces ,4,10300,12,8,123600,41200,,,
ans ,4,10179,16,8,162864,40716,,,
lui ,4,10160,13,8,132080,40640,,,
o ,2,9817,12,4,117804,19634,,,
alors ,6,9631,24,12,231144,57786,,,
faire ,6,9379,18,12,168822,56274,,,
si ,3,9322,11,6,102542,27966,,,
tout ,5,9271,23,10,213233,46355,,,
j ,2,9028,10,4,90280,18056,,,
bien ,5,8969,19,10,170411,44845,,,
donc ,5,8648,14,10,121072,43240,,,
ville ,6,8242,20,12,164840,49452,,,
sous ,5,8064,22,10,177408,40320,,,
monde ,6,7979,18,12,143622,47874,,,
roi ,4,7628,19,8,144932,30512,,,
nom ,4,7508,19,8,142652,30032,,,
guerre ,7,7165,26,14,186290,50155,,,
siecle ,7,7152,28,14,200256,50064,,,
tous ,5,7150,23,10,164450,35750,,,
partie ,7,7136,23,14,164128,49952,,,
plusieurs ,10,6946,36,20,250056,69460,,,
depuis ,7,6924,25,14,173100,48468,,,
dont ,5,6896,17,10,117232,34480,,,
contre ,7,6824,25,14,170600,47768,,,
beaucoup ,9,6674,34,18,226916,60066,,,
ainsi ,6,6582,24,12,157968,39492,,,
leurs ,6,6562,20,12,131240,39372,,,
pendant ,8,6537,27,16,176499,52296,,,
puis ,5,6508,18,10,117144,32540,,,
grand ,6,6287,22,12,138314,37722,,,
car ,4,6265,13,8,81445,25060,,,
peu ,4,6180,14,8,86520,24720,,,
avoir ,6,6113,26,12,158938,36678,,,
grande ,7,6074,23,14,139702,42518,,,
t ,2,6042,8,4,48336,12084,,,
tu ,3,5996,17,6,101932,17988,,,
egalement ,10,5973,34,20,203082,59730,,,
sans ,5,5962,20,10,119240,29810,,,
nord ,5,5949,22,10,130878,29745,,,
sud ,4,5944,17,8,101048,23776,,,
souvent ,8,5906,36,16,212616,47248,,,
francais ,9,5880,32,18,188160,52920,,,
avant ,6,5756,26,12,149656,34536,,,
exemple ,8,5715,26,16,148590,45720,,,
cela ,5,5619,13,10,73047,28095,,,
encore ,7,5618,23,14,129214,39326,,,
jusqu ,6,5599,26,12,145574,33594,,,
fois ,5,5568,19,10,105792,27840,,,
temps ,6,5539,22,12,121858,33234,,,
eau ,4,5501,14,8,77014,22004,,,
premier ,8,5399,24,16,129576,43192,,,
elles ,6,5315,18,12,95670,31890,,,
nous ,5,5290,24,10,126960,26450,,,
vers ,5,5257,19,10,99883,26285,,,
dire ,5,5243,15,10,78645,26215,,,
autre ,6,5155,25,12,128875,30930,,,
vie ,4,5033,14,8,70462,20132,,,
mort ,5,5033,20,10,100660,25165,,,
trois ,6,4965,23,12,114195,29790,,,
avait ,6,4938,25,12,123450,29628,,,
m ,2,4929,9,4,44361,9858,,,
premiere ,9,4885,27,18,131895,43965,,,
moins ,6,4855,21,12,101955,29130,,,
certains ,9,4815,31,18,149265,43335,,,
annees ,7,4804,32,14,153728,33628,,,
cet ,4,4792,13,8,62296,19168,,,
peuvent ,8,4739,31,16,146909,37912,,,
paris ,6,4580,19,12,87020,27480,,,
fin ,4,4441,15,8,66615,17764,,,
quand ,6,4420,22,12,97240,26520,,,
personnes ,10,4306,35,20,150710,43060,,,
vous ,5,4254,22,10,93588,21270,,,
etaient ,8,4244,28,16,118832,33952,,,
lieu ,5,4206,15,10,63090,21030,,,
ai ,3,4152,12,6,49824,12456,,,
doit ,5,4141,16,10,66256,20705,,,
terre ,6,4134,22,12,90948,24804,,,
trouve ,7,4133,29,14,119857,28931,,,
etat ,5,4129,18,10,74322,20645,,,
e ,2,4058,5,4,20290,8116,,,
faut ,5,4051,19,10,76969,20255,,,
nombreux ,9,4048,36,18,145728,36432,,,
soit ,5,4037,21,10,84777,20185,,,
vikidia ,8,4014,32,16,128448,32112,,,
quelques ,9,4005,32,18,128160,36045,,,
chaque ,7,4001,25,14,100025,28007,,,
annee ,6,3983,27,12,107541,23898,,,
europe ,7,3982,26,14,103532,27874,,,
environ ,8,3972,32,16,127104,31776,,,
non ,4,3971,20,8,79420,15884,,,
devient ,8,3965,26,16,103090,31720,,,
fut ,4,3909,17,8,66453,15636,,,
saint ,6,3907,27,12,105489,23442,,,
enfants ,8,3894,31,16,120714,31152,,,
existe ,7,3881,26,14,100906,27167,,,
etats ,6,3856,22,12,84832,23136,,,
celui ,6,3828,19,12,72732,22968,,,
selon ,6,3821,24,12,91704,22926,,,
cas ,4,3800,15,8,57000,15200,,,
ci ,3,3762,13,6,48906,11286,,,
pouvoir ,8,3692,32,16,118144,29536,,,
famille ,8,3687,24,16,88488,29496,,,
forme ,6,3674,22,12,80828,22044,,,
lors ,5,3644,18,10,65592,18220,,,
fils ,5,3609,17,10,61353,18045,,,
va ,3,3583,12,6,42996,10749,,,
empire ,7,3559,22,14,78298,24913,,,
place ,6,3539,15,12,53085,21234,,,
nombre ,7,3534,26,14,91884,24738,,,
partir ,7,3507,25,14,87675,24549,,,
francaise ,10,3506,35,20,122710,35060,,,
hui ,4,3495,18,8,62910,13980,,,
aujourd ,8,3487,32,16,111584,27896,,,
permet ,7,3471,23,14,79833,24297,,,
histoire ,9,3413,36,18,122868,30717,,,
toutes ,7,3380,30,14,101400,23660,,,
notamment ,10,3369,40,20,134760,33690,,,
mer ,4,3366,15,8,50490,13464,,,
royaume ,8,3360,35,16,117600,26880,,,
jours ,6,3343,25,12,83575,20058,,,
grace ,6,3343,21,12,70203,20058,,,
habitants ,10,3290,38,20,125020,32900,,,
cours ,6,3260,23,12,74980,19560,,,
jour ,5,3258,22,10,71676,16290,,,
me ,3,3237,8,6,25896,9711,,,
homme ,6,3232,22,12,71104,19392,,,
armee ,6,3220,27,12,86940,19320,,,
toujours ,9,3200,38,18,121600,28800,,,
petit ,6,3191,24,12,76584,19146,,,
region ,7,3179,30,14,95370,22253,,,
unis ,5,3165,19,10,60135,15825,,,
celle ,6,3159,16,12,50544,18954,,,
discussion ,11,3156,37,22,116772,34716,,,
pres ,5,3147,17,10,53499,15735,,,
h ,2,3115,12,4,37380,6230,,,
sera ,5,3114,18,10,56052,15570,,,
politique ,10,3111,36,20,111996,31110,,,
km ,3,3101,17,6,52717,9303,,,
surtout ,8,3087,38,16,117306,24696,,,
ne ,3,3058,13,6,39754,9174,,,
epoque ,7,3047,32,14,97504,21329,,,
effet ,6,3043,19,12,57817,18258,,,
gouvernement ,13,3037,51,26,154887,39481,,,
animaux ,8,3033,31,16,94023,24264,,,
debut ,6,3019,22,12,66418,18114,,,
cependant ,10,3018,34,20,102612,30180,,,
ouest ,6,2997,27,12,80919,17982,,,
mars ,5,2986,18,10,53748,14930,,,
age ,4,2958,16,8,47328,11832,,,
louis ,6,2947,21,12,61887,17682,,,
mai ,4,2914,12,8,34968,11656,,,
toute ,6,2905,26,12,75530,17430,,,
afin ,5,2886,21,10,60606,14430,,,
population ,11,2880,44,22,126720,31680,,,
compte ,7,2868,24,14,68832,20076,,,
pere ,5,2868,21,10,60228,14340,,,
te ,3,2851,11,6,31361,8553,,,
juin ,5,2850,20,10,57000,14250,,,
hommes ,7,2849,27,14,76923,19943,,,
eux ,4,2837,16,8,45392,11348,,,
president ,10,2820,33,20,93060,28200,,,
voir ,5,2805,20,10,56100,14025,,,
mois ,5,2804,18,10,50472,14020,,,
suite ,6,2791,24,12,66984,16746,,,
nombreuses ,11,2788,41,22,114308,30668,,,
nouveau ,8,2785,34,16,94690,22280,,,
corps ,6,2756,24,12,66144,16536,,,
parfois ,8,2751,29,16,79779,22008,,,
octobre ,8,2732,29,16,79228,21856,,,
ile ,4,2730,13,8,35490,10920,,,
cest ,5,2727,18,10,49086,13635,,,
ceux ,5,2718,19,10,51642,13590,,,
millions ,9,2717,30,18,81510,24453,,,
groupe ,7,2712,28,14,75936,18984,,,
republique ,11,2712,43,22,116616,29832,,,
pourquoi ,9,2711,38,18,103018,24399,,,
certaines ,10,2701,33,20,89133,27010,,,
dit ,4,2699,12,8,32388,10796,,,
janvier ,8,2682,29,16,77778,21456,,,
reste ,6,2673,24,12,64152,16038,,,
septembre ,10,2648,36,20,95328,26480,,,
nouvelle ,9,2641,35,18,92435,23769,,,
grands ,7,2632,25,14,65800,18424,,,
des ,4,2626,10,8,26260,10504,,,
trop ,5,2618,21,10,54978,13090,,,
ensuite ,8,2614,29,16,75806,20912,,,
personne ,9,2608,31,18,80848,23472,,,
chez ,5,2602,16,10,41632,13010,,,
quatre ,7,2587,27,14,69849,18109,,,
origine ,8,2580,29,16,74820,20640,,,
la ,3,2559,8,6,20472,7677,,,
r ,2,2550,12,4,30600,5100,,,
allemagne ,10,2546,33,20,84018,25460,,,
empereur ,9,2519,31,18,78089,22671,,,
article ,8,2515,29,16,72935,20120,,,
appelle ,8,2496,29,16,72384,19968,,,
general ,8,2495,31,16,77345,19960,,,
eu ,3,2492,11,6,27412,7476,,,
b ,2,2477,11,4,27247,4954,,,
font ,5,2476,22,10,54472,12380,,,
jeu ,4,2464,16,8,39424,9856,,,
juillet ,8,2463,30,16,73890,19704,,,
avril ,6,2456,26,12,63856,14736,,,
deja ,5,2443,18,10,43974,12215,,,
ca ,3,2400,12,6,28800,7200,,,
suis ,5,2398,21,10,50358,11990,,,
capitale ,9,2393,31,18,74183,21537,,,
centre ,7,2340,25,14,58500,16380,,,
petits ,7,2331,27,14,62937,16317,,,
veut ,5,2329,21,10,48909,11645,,,
tard ,5,2312,19,10,43928,11560,,,
anglais ,8,2305,28,16,64540,18440,,,
site ,5,2292,18,10,41256,11460,,,
tour ,5,2290,22,10,50380,11450,,,
ii ,3,2284,15,6,34260,6852,,,
droit ,6,2280,21,12,47880,13680,,,
etant ,6,2271,23,12,52233,13626,,,
dernier ,8,2256,25,16,56400,18048,,,
ensemble ,9,2216,27,18,59832,19944,,,
especes ,8,2215,28,16,62020,17720,,,
decembre ,9,2210,26,18,57460,19890,,,
novembre ,9,2205,35,18,77175,19845,,,
seul ,5,2202,20,10,44040,11010,,,
fevrier ,8,2200,34,16,74800,17600,,,
point ,6,2188,24,12,52512,13128,,,
langue ,7,2188,22,14,48136,15316,,,
aout ,5,2187,27,10,59049,10935,,,
italie ,7,2185,25,14,54625,15295,,,
jean ,5,2183,17,10,37111,10915,,,
notre ,6,2171,27,12,58617,13026,,,
travail ,8,2169,28,16,60732,17352,,,
grandes ,8,2166,27,16,58482,17328,,,
merci ,6,2152,22,12,47344,12912,,,
assez ,6,2145,25,12,53625,12870,,,
or ,3,2133,18,6,38394,6399,,,
ecole ,6,2132,18,12,38376,12792,,,
systeme ,8,2124,32,16,67968,16992,,,
serie ,6,2116,21,12,44436,12696,,,
long ,5,2098,16,10,33568,10490,,,
moyen ,6,2080,23,12,47840,12480,,,
parti ,6,2070,22,12,45540,12420,,,
mere ,5,2070,21,10,43470,10350,,,
ier ,4,2068,14,8,28952,8272,,,
periode ,8,2062,28,16,57736,16496,,,
durant ,7,2057,25,14,51425,14399,,,
agit ,5,2050,22,10,45100,10250,,,
differentes ,12,2044,45,24,91980,24528,,,
ayant ,6,2034,27,12,54918,12204,,,
jeux ,5,2020,20,10,40400,10100,,,
bonjour ,8,2017,38,16,76646,16136,,,
afrique ,8,2003,32,16,64096,16024,,,
chef ,5,1984,14,10,27776,9920,,,
autour ,7,1982,33,14,65406,13874,,,
differents ,11,1973,40,22,78920,21703,,,
generalement ,13,1972,49,26,96628,25636,,,
x ,2,1968,13,4,25584,3936,,,
page ,5,1967,13,10,25571,9835,,,
charles ,8,1966,28,16,55048,15728,,,
plupart ,8,1963,30,16,58890,15704,,,
doivent ,8,1962,28,16,54936,15696,,,
jeune ,6,1960,21,12,41160,11760,,,
tete ,5,1958,22,10,43076,9790,,,
mondiale ,9,1955,26,18,50830,17595,,,
villes ,7,1953,24,14,46872,13671,,,
rome ,5,1953,22,10,42966,9765,,,
mot ,4,1952,17,8,33184,7808,,,
part ,5,1952,17,10,33184,9760,,,
seconde ,8,1952,29,16,56608,15616,,,
petite ,7,1943,25,14,48575,13601,,,
metres ,7,1935,24,14,46440,13545,,,
dieu ,5,1929,18,10,34722,9645,,,
femmes ,7,1924,24,14,46176,13468,,,
face ,5,1923,13,10,24999,9615,,,
belgique ,9,1890,33,18,62370,17010,,,
cause ,6,1889,21,12,39669,11334,,,
musique ,8,1888,30,16,56640,15104,,,
situee ,7,1886,29,14,54694,13202,,,
jeunes ,7,1876,25,14,46900,13132,,,
ur ,3,1868,11,6,20548,5604,,,
haut ,5,1865,24,10,44760,9325,,,
appele ,7,1865,26,14,48490,13055,,,
aide ,5,1865,17,10,31705,9325,,,
donne ,6,1856,18,12,33408,11136,,,
pierre ,7,1848,22,14,40656,12936,,,
av ,3,1848,17,6,31416,5544,,,
ancien ,7,1846,23,14,42458,12922,,,
moment ,7,1846,25,14,46150,12922,,,
equipe ,7,1831,29,14,53099,12817,,,
ailleurs ,9,1828,32,18,58496,16452,,,
russie ,7,1827,31,14,56637,12789,,,
important ,10,1822,41,20,74702,18220,,,
soleil ,7,1816,25,14,45400,12712,,,
regions ,8,1815,34,16,61710,14520,,,
utilise ,8,1811,28,16,50708,14488,,,
avaient ,8,1802,31,16,55862,14416,,,
deuxieme ,9,1801,27,18,48627,16209,,,
connu ,6,1801,24,12,43224,10806,,,
jamais ,7,1789,23,14,41147,12523,,,
parmi ,6,1784,20,12,35680,10704,,,
mon ,4,1783,15,8,26745,7132,,,
lorsque ,8,1780,29,16,51620,14240,,,
ordre ,6,1778,22,12,39116,10668,,,
passe ,6,1778,19,12,33782,10668,,,
etc ,4,1773,15,8,26595,7092,,,
comment ,8,1762,27,16,47574,14096,,,
espagne ,8,1757,26,16,45682,14056,,,
fille ,6,1751,19,12,33269,10506,,,
film ,5,1741,18,10,31338,8705,,,
bois ,5,1738,23,10,39974,8690,,,
possible ,9,1735,29,18,50315,15615,,,
particulier ,12,1721,39,24,67119,20652,,,
an ,3,1718,14,6,24052,5154,,,
ecrit ,6,1706,21,12,35826,10236,,,
angleterre ,11,1703,40,22,68120,18733,,,
vient ,6,1702,23,12,39146,10212,,,
donne ,6,1702,18,12,30636,10212,,,
premiers ,9,1700,28,18,47600,15300,,,
niveau ,7,1697,28,14,47516,11879,,,
articles ,9,1696,33,18,55968,15264,,,
but ,4,1691,19,8,32129,6764,,,
bas ,4,1688,18,8,30384,6752,,,
territoire ,11,1682,40,22,67280,18502,,,
mettre ,7,1681,24,14,40344,11767,,,
lorsqu ,7,1672,28,14,46816,11704,,,
prend ,6,1669,18,12,30042,10014,,,
vit ,4,1667,19,8,31673,6668,,,
amerique ,9,1666,37,18,61642,14994,,,
titre ,6,1663,22,12,36586,9978,,,
membres ,8,1656,23,16,38088,13248,,,
prix ,5,1650,19,10,31350,8250,,,
hiver ,6,1647,25,12,41175,9882,,,
demande ,8,1646,19,16,31274,13168,,,
contr ,6,1644,25,12,41100,9864,,,
femme ,6,1644,19,12,31236,9864,,,
commence ,9,1642,26,18,42692,14778,,,
cree ,5,1640,18,10,29520,8200,,,
eglise ,7,1639,25,14,40975,11473,,,
seulement ,10,1635,35,20,57225,16350,,,
vont ,5,1633,22,10,35926,8165,,,
te ,3,1632,11,6,17952,4896,,,
parce ,6,1623,19,12,30837,9738,,,
revolution ,11,1603,49,22,78547,17633,,,
bon ,4,1598,18,8,28764,6392,,,
parents ,8,1592,29,16,46168,12736,,,
lumiere ,8,1590,26,16,41340,12720,,,
porte ,6,1589,23,12,36547,9534,,,
question ,9,1576,34,18,53584,14184,,,
aurait ,7,1573,29,14,45617,11011,,,
cinq ,5,1571,20,10,31420,7855,,,
possede ,8,1566,33,16,51678,12528,,,
college ,8,1563,24,16,37512,12504,,,
prendre ,8,1559,24,16,37416,12472,,,
fonction ,9,1557,36,18,56052,14013,,,
rouge ,6,1555,26,12,40430,9330,,,
the ,4,1555,14,8,21770,6220,,,
mouvement ,10,1548,37,20,57276,15480,,,
tes ,4,1546,16,8,24736,6184,,,
seule ,6,1543,21,12,32403,9258,,,
departement ,12,1543,42,24,64806,18516,,,
couleur ,8,1539,30,16,46170,12312,,,
ministre ,9,1533,31,18,47523,13797,,,
ligne ,6,1530,17,12,26010,9180,,,
devant ,7,1516,23,14,34868,10612,,,
romain ,7,1513,31,14,46903,10591,,,
succes ,7,1507,24,14,36168,10549,,,
mieux ,6,1505,21,12,31605,9030,,,
militaire ,10,1503,33,20,49599,15030,,,
creer ,6,1501,25,12,37525,9006,,,
moi ,4,1495,13,8,19435,5980,,,
bonne ,6,1488,24,12,35712,8928,,,
mis ,4,1487,14,8,20818,5948,,,
chine ,6,1487,18,12,26766,8922,,,
abord ,6,1486,22,12,32692,8916,,,
savoir ,7,1484,29,14,43036,10388,,,
mesure ,7,1482,24,14,35568,10374,,,
taille ,7,1481,23,14,34063,10367,,,
serait ,7,1481,26,14,38506,10367,,,
air ,4,1477,17,8,25109,5908,,,
situe ,6,1475,24,12,35400,8850,,,
ni ,3,1475,15,6,22125,4425,,,
nos ,4,1475,21,8,30975,5900,,,
bataille ,9,1475,30,18,44250,13275,,,
malgre ,7,1474,25,14,36850,10318,,,
milieu ,7,1469,23,14,33787,10283,,,
met ,4,1457,13,8,18941,5828,,,
raison ,7,1455,31,14,45105,10185,,,
mal ,4,1455,13,8,18915,5820,,,
donner ,7,1447,23,14,33281,10129,,,
union ,6,1446,24,12,34704,8676,,,
enfant ,7,1441,27,14,38907,10087,,,
produit ,8,1440,31,16,44640,11520,,,
animal ,7,1440,24,14,34560,10080,,,
trouver ,8,1435,32,16,45920,11480,,,
sol ,4,1432,18,8,25776,5728,,,
theatre ,8,1429,30,16,42870,11432,,,
aller ,6,1429,22,12,31438,8574,,,
rien ,5,1428,20,10,28560,7140,,,
type ,5,1422,21,10,29862,7110,,,
maison ,7,1420,24,14,34080,9940,,,
livre ,6,1420,20,12,28400,8520,,,
ma ,3,1407,9,6,12663,4221,,,
energie ,8,1406,29,16,40774,11248,,,
vu ,3,1405,15,6,21075,4215,,,
soldats ,8,1403,32,16,44896,11224,,,
palais ,7,1403,23,14,32269,9821,,,
napoleon ,9,1401,47,18,65847,12609,,,
frere ,6,1398,24,12,33552,8388,,,
commune ,8,1391,28,16,38948,11128,,,
importante ,11,1389,44,22,61116,15279,,,
espace ,7,1386,21,14,29106,9702,,,
celebre ,8,1382,25,16,34550,11056,,,
loi ,4,1381,12,8,16572,5524,,,
chateau ,8,1380,29,16,40020,11040,,,
as ,3,1378,14,6,19292,4134,,,
base ,5,1373,19,10,26087,6865,,,
meurt ,6,1373,24,12,32952,8238,,,
parle ,6,1367,18,12,24606,8202,,,
gens ,5,1366,19,10,25954,6830,,,
art ,4,1365,18,8,24570,5460,,,
plut ,5,1362,19,10,25878,6810,,,
marie ,6,1352,19,12,25688,8112,,,
films ,6,1348,22,12,29656,8088,,,
argent ,7,1343,28,14,37604,9401,,,
droite ,7,1342,24,14,32208,9394,,,
mes ,4,1342,13,8,17446,5368,,,
ados ,5,1341,25,10,33525,6705,,,
ici ,4,1341,16,8,21456,5364,,,
devenir ,8,1339,26,16,34814,10712,,,
chose ,6,1332,19,12,25308,7992,,,
besoin ,7,1330,28,14,37240,9310,,,
appelee ,8,1327,34,16,45118,10616,,,
principalement ,15,1325,48,30,63600,19875,,,
romains ,8,1322,34,16,44948,10576,,,
longtemps ,10,1318,35,20,46130,13180,,,
seront ,7,1318,28,14,36904,9226,,,
coree ,6,1315,21,12,27615,7890,,,
scientifique ,13,1315,47,26,61805,17095,,,
espece ,7,1314,22,14,28908,9198,,,
heures ,7,1313,27,14,35451,9191,,,
laquelle ,9,1310,30,18,39300,11790,,,
troisieme ,10,1310,34,20,44540,13100,,,
uvre ,5,1310,20,10,26200,6550,,,
rapidement ,11,1307,42,22,54894,14377,,,
enfin ,6,1303,23,12,29969,7818,,,
force ,6,1302,20,12,26040,7812,,,
conseil ,8,1301,26,16,33826,10408,,,
proche ,7,1300,21,14,27300,9100,,,
duc ,4,1299,13,8,16887,5196,,,
nomme ,6,1297,24,12,31128,7782,,,
produits ,9,1296,35,18,45360,11664,,,
vivent ,7,1294,29,14,37526,9058,,,
societe ,8,1293,28,16,36204,10344,,,
ton ,4,1287,18,8,23166,5148,,,
texte ,6,1286,24,12,30864,7716,,,
nationale ,10,1279,40,20,51160,12790,,,
presente ,9,1277,37,18,47249,11493,,,
plantes ,8,1275,27,16,34425,10200,,,
vote ,5,1270,21,10,26670,6350,,,
er ,3,1267,11,6,13937,3801,,,
idee ,5,1263,20,10,25260,6315,,,
allemand ,9,1257,32,18,40224,11313,,,
parler ,7,1255,22,14,27610,8785,,,
derniere ,9,1253,29,18,36337,11277,,,
nouvelles ,10,1253,39,20,48867,12530,,,
dessus ,7,1252,23,14,28796,8764,,,
nuit ,5,1246,25,10,31150,6230,,,
religion ,9,1241,34,18,42194,11169,,,
saison ,7,1241,27,14,33507,8687,,,
utilise ,8,1240,28,16,34720,9920,,,
presque ,8,1240,29,16,35960,9920,,,
rapport ,8,1239,38,16,47082,9912,,,
public ,7,1238,22,14,27236,8666,,,
japon ,6,1238,25,12,30950,7428,,,
interieur ,10,1238,41,20,50758,12380,,,
peuple ,7,1237,24,14,29688,8659,,,
regime ,7,1237,27,14,33399,8659,,,
maniere ,8,1233,28,16,34524,9864,,,
arrive ,7,1231,27,14,33237,8617,,,
reine ,6,1229,25,12,30725,7374,,,
super ,6,1228,26,12,31928,7368,,,
sert ,5,1227,21,10,25767,6135,,,
passer ,7,1222,23,14,28106,8554,,,
naissance ,10,1222,40,20,48880,12220,,,
pris ,5,1221,18,10,21978,6105,,,
plein ,6,1213,20,12,24260,7278,,,
politiques ,11,1211,40,22,48440,13321,,,
droits ,7,1207,25,14,30175,8449,,,
eleves ,7,1205,26,14,31330,8435,,,
pape ,5,1197,17,10,20349,5985,,,
xixe ,5,1193,24,10,28632,5965,,,
simple ,7,1192,24,14,28608,8344,,,
tant ,5,1191,21,10,25011,5955,,,
asie ,5,1186,19,10,22534,5930,,,
latin ,6,1185,21,12,24885,7110,,,
surface ,8,1185,29,16,34365,9480,,,
autriche ,9,1184,34,18,40256,10656,,,
education ,10,1183,37,20,43771,11830,,,
europeenne ,11,1181,44,22,51964,12991,,,
nouveaux ,9,1180,39,18,46020,10620,,,
philippe ,9,1180,30,18,35400,10620,,,
regne ,6,1180,29,12,34220,7080,,,
sens ,5,1178,21,10,24738,5890,,,
noir ,5,1172,25,10,29300,5860,,,
points ,7,1171,28,14,32788,8197,,,
utiliser ,9,1170,32,18,37440,10530,,,
celles ,7,1168,20,14,23360,8176,,,
service ,8,1166,27,16,31482,9328,,,
memes ,6,1164,20,12,23280,6984,,,
uni ,4,1162,16,8,18592,4648,,,
iles ,5,1162,17,10,19754,5810,,,
situation ,10,1161,39,20,45279,11610,,,
construction ,13,1161,50,26,58050,15093,,,
petites ,8,1159,29,16,33611,9272,,,
projet ,7,1157,24,14,27768,8099,,,
gros ,5,1156,21,10,24276,5780,,,
signifie ,9,1151,28,18,32228,10359,,,
photo ,6,1150,24,12,27600,6900,,,
henri ,6,1147,26,12,29822,6882,,,
vite ,5,1146,19,10,21774,5730,,,
action ,7,1145,27,14,30915,8015,,,
displaystyle ,13,1139,46,26,52394,14807,,,
gauche ,7,1135,25,14,28375,7945,,,
blanc ,6,1132,22,12,24904,6792,,,
catholique ,11,1129,39,22,44031,12419,,,
russe ,6,1125,27,12,30375,6750,,,
musee ,6,1124,24,12,26976,6744,,,
facon ,6,1123,20,12,22460,6738,,,
americain ,10,1123,36,20,40428,11230,,,
club ,5,1123,18,10,20214,5615,,,
compose ,8,1117,28,16,31276,8936,,,
rencontre ,10,1112,41,20,45592,11120,,,
production ,11,1112,41,22,45592,12232,,,
date ,5,1109,15,10,16635,5545,,,
rendre ,7,1109,26,14,28834,7763,,,
conditions ,11,1109,41,22,45469,12199,,,
decide ,7,1109,16,14,17744,7763,,,
retour ,7,1108,32,14,35456,7756,,,
choses ,7,1106,23,14,25438,7742,,,
vivre ,6,1105,24,12,26520,6630,,,
semaine ,8,1101,27,16,29727,8808,,,
coupe ,6,1099,23,12,25277,6594,,,
objets ,7,1098,28,14,30744,7686,,,
fort ,5,1096,22,10,24112,5480,,,
construit ,10,1093,40,20,43720,10930,,,
cm ,3,1092,15,6,16380,3276,,,
allemands ,10,1091,34,20,37094,10910,,,
terme ,6,1084,20,12,21680,6504,,,
pu ,3,1084,12,6,13008,3252,,,
personnage ,11,1078,39,22,42042,11858,,,
grec ,5,1078,18,10,19404,5390,,,
culture ,8,1078,31,16,33418,8624,,,
creation ,9,1077,37,18,39849,9693,,,
main ,5,1075,18,10,19350,5375,,,
appeles ,8,1073,31,16,33263,8584,,,
voit ,5,1067,21,10,22407,5335,,,
ancienne ,9,1063,30,18,31890,9567,,,
genre ,6,1063,22,12,23386,6378,,,
economique ,11,1061,40,22,42440,11671,,,
romaine ,8,1061,32,16,33952,8488,,,
aucun ,6,1060,26,12,27560,6360,,,
forment ,8,1060,33,16,34980,8480,,,
permettent ,11,1057,41,22,43337,11627,,,
troupes ,8,1056,31,16,32736,8448,,,
juste ,6,1056,24,12,25344,6336,,,
zone ,5,1055,21,10,22155,5275,,,
mise ,5,1055,17,10,17935,5275,,,
printemps ,10,1051,36,20,37836,10510,,,
vitesse ,8,1050,30,16,31500,8400,,,
majorite ,9,1047,33,18,34551,9423,,,
vue ,4,1047,16,8,16752,4188,,,
desormais ,10,1043,34,20,35462,10430,,,
six ,4,1042,18,8,18756,4168,,,
elu ,4,1041,14,8,14574,4164,,,
national ,9,1040,39,18,40560,9360,,,
vraiment ,9,1038,34,18,35292,9342,,,
pense ,6,1036,20,12,20720,6216,,,
actuellement ,13,1035,45,26,46575,13455,,,
difficile ,10,1033,27,20,27891,10330,,,
climat ,7,1033,24,14,24792,7231,,,
classe ,7,1033,24,14,24792,7231,,,
feu ,4,1032,17,8,17544,4128,,,
objet ,6,1030,24,12,24720,6180,,,
idees ,6,1030,24,12,24720,6180,,,
haute ,6,1029,25,12,25725,6174,,,
lyon ,5,1029,21,10,21609,5145,,,
pourrait ,9,1027,34,18,34918,9243,,,
retrouve ,9,1026,39,18,40014,9234,,,
coup ,5,1025,20,10,20500,5125,,,
recherche ,10,1023,32,20,32736,10230,,,
langues ,8,1020,26,16,26520,8160,,,
toi ,4,1020,16,8,16320,4080,,,
v ,2,1020,11,4,11220,2040,,,
assemblee ,10,1019,39,20,39741,10190,,,
mots ,5,1018,20,10,20360,5090,,,
accord ,7,1015,23,14,23345,7105,,,
eviter ,7,1015,29,14,29435,7105,,,
aime ,5,1013,17,10,17221,5065,,,
oiseaux ,8,1011,32,16,32352,8088,,,
image ,6,1010,19,12,19190,6060,,,
peux ,5,1010,21,10,21210,5050,,,
finalement ,11,1007,35,22,35245,11077,,,
devenu ,7,1005,24,14,24120,7035,,,
planete ,8,1004,26,16,26104,8032,,,
version ,8,1004,30,16,30120,8032,,,
maladie ,8,1001,23,16,23023,8008,,,
developpement ,14,999,47,28,46953,13986,,,
carriere ,9,999,31,18,30969,8991,,,
ocean ,6,998,22,12,21956,5988,,,
courant ,8,997,31,16,30907,7976,,,
lois ,5,996,16,10,15936,4980,,,
terres ,7,996,26,14,25896,6972,,,
tel ,4,995,15,8,14925,3980,,,
livres ,7,993,24,14,23832,6951,,,
gaz ,4,992,19,8,18848,3968,,,
pratique ,9,991,33,18,32703,8919,,,
scientifiques ,14,990,51,28,50490,13860,,,
traite ,7,986,26,14,25636,6902,,,
travaux ,8,985,32,16,31520,7880,,,
sauf ,5,982,21,10,20622,4910,,,
loin ,5,981,18,10,17658,4905,,,
nature ,7,981,32,14,31392,6867,,,
egypte ,7,977,27,14,26379,6839,,,
epouse ,7,977,28,14,27356,6839,,,
premieres ,10,973,32,20,31136,9730,,,
moyenne ,8,972,30,16,29160,7776,,,
combat ,7,970,22,14,21340,6790,,,
sort ,5,962,24,10,23088,4810,,,
paix ,5,960,18,10,17280,4800,,,
fer ,4,960,17,8,16320,3840,,,
sang ,5,958,19,10,18202,4790,,,
aider ,6,957,21,12,20097,5742,,,
cinema ,7,957,25,14,23925,6699,,,
album ,6,957,27,12,25839,5742,,,
maintenant ,11,956,41,22,39196,10516,,,
furent ,7,955,28,14,26740,6685,,,
militaires ,11,955,37,22,35335,10505,,,
poissons ,9,954,37,18,35298,8586,,,
connue ,7,952,27,14,25704,6664,,,
liberte ,8,952,26,16,24752,7616,,,
dix ,4,951,14,8,13314,3804,,,
yeux ,5,951,23,10,21873,4755,,,
francois ,9,950,31,18,29450,8550,,,
considere ,10,947,34,20,32198,9470,,,
quoi ,5,946,19,10,17974,4730,,,
probleme ,9,946,29,18,27434,8514,,,
style ,6,946,24,12,22704,5676,,,
sorte ,6,946,25,12,23650,5676,,,
etudes ,7,945,24,14,22680,6615,,,
deputes ,8,945,31,16,29295,7560,,,
victoire ,9,944,33,18,31152,8496,,,
groupes ,8,943,32,16,30176,7544,,,
ecrire ,7,941,24,14,22584,6587,,,
cite ,5,941,17,10,15997,4705,,,
organisation ,13,940,50,26,47000,12220,,,
proteger ,9,940,38,18,35720,8460,,,
cour ,5,937,19,10,17803,4685,,,
uvres ,6,936,24,12,22464,5616,,,
lequel ,7,935,24,14,22440,6545,,,
liste ,6,934,19,12,17746,5604,,,
aura ,5,933,21,10,19593,4665,,,
scene ,6,931,24,12,22344,5586,,,
harry ,6,930,28,12,26040,5580,,,
prise ,6,930,19,12,17670,5580,,,
personnages ,12,930,43,24,39990,11160,,,
tandis ,7,926,26,14,24076,6482,,,
plan ,5,925,15,10,13875,4625,,,
pourtant ,9,925,36,18,33300,8325,,,
f ,2,923,10,4,9230,1846,,,
direction ,10,922,32,20,29504,9220,,,
propre ,7,921,25,14,23025,6447,,,
longue ,7,919,23,14,21137,6433,,,
independance ,13,919,41,26,37679,11947,,,
allemande ,10,918,32,20,29376,9180,,,
represente ,11,916,50,22,45800,10076,,,
principal ,10,916,33,20,30228,9160,,,
chacun ,7,916,23,14,21068,6412,,,
joue ,5,914,19,10,17366,4570,,,
joueur ,7,913,28,14,25564,6391,,,
passe ,6,912,19,12,17328,5472,,,
temperature ,12,911,45,24,40995,10932,,,
quelque ,8,911,28,16,25508,7288,,,
sujet ,6,910,26,12,23660,5460,,,
parties ,8,910,28,16,25480,7280,,,
centrale ,9,910,32,18,29120,8190,,,
ufs ,4,908,20,8,18160,3632,,,
prince ,7,905,22,14,19910,6335,,,
port ,5,904,22,10,19888,4520,,,
utilisateur ,12,903,43,24,38829,10836,,,
populaire ,10,898,37,20,33226,8980,,,
voix ,5,898,22,10,19756,4490,,,
autant ,7,897,32,14,28704,6279,,,
etoile ,7,897,25,14,22425,6279,,,
elections ,10,895,35,20,31325,8950,,,
britannique ,12,894,45,24,40230,10728,,,
presence ,9,894,33,18,29502,8046,,,
journee ,8,892,33,16,29436,7136,,,
anciens ,8,892,27,16,24084,7136,,,
foret ,6,892,27,12,24084,5352,,,
automne ,8,892,33,16,29436,7136,,,
sept ,5,891,24,10,21384,4455,,,
lune ,5,891,18,10,16038,4455,,,
faisant ,8,890,28,16,24920,7120,,,
route ,6,890,28,12,24920,5340,,,
libre ,6,888,19,12,16872,5328,,,
cree ,5,888,18,10,15984,4440,,,
rend ,5,887,20,10,17740,4435,,,
of ,3,886,17,6,15062,2658,,,
siecles ,8,885,33,16,29205,7080,,,
football ,9,884,34,18,30056,7956,,,
morts ,6,884,24,12,21216,5304,,,
couleurs ,9,883,34,18,30022,7947,,,
jesus ,6,882,26,12,22932,5292,,,
cuisine ,8,882,30,16,26460,7056,,,
wikipedia ,10,881,36,20,31716,8810,,,
travers ,8,880,31,16,27280,7040,,,
meilleur ,9,879,29,18,25491,7911,,,
londres ,8,878,26,16,22828,7024,,,
antiquite ,10,878,40,20,35120,8780,,,
second ,7,877,26,14,22802,6139,,,
credit ,7,875,23,14,20125,6125,,,
avis ,5,875,22,10,19250,4375,,,
attaque ,8,874,32,16,27968,6992,,,
vivant ,7,872,30,14,26160,6104,,,
elements ,9,872,33,18,28776,7848,,,
new ,4,871,20,8,17420,3484,,,
amis ,5,871,22,10,19162,4355,,,
europeens ,10,871,41,20,35711,8710,,,
i ,2,870,8,4,6960,1740,,,
roman ,6,870,27,12,23490,5220,,,
informations ,13,869,52,26,45188,11297,,,
dieux ,6,868,23,12,19964,5208,,,
moitie ,7,867,23,14,19941,6069,,,
arrivee ,8,867,33,16,28611,6936,,,
depart ,7,865,25,14,21625,6055,,,
jouer ,6,863,23,12,19849,5178,,,
forte ,6,863,23,12,19849,5178,,,
joueurs ,8,862,32,16,27584,6896,,,
femelle ,8,861,24,16,20664,6888,,,
fais ,5,856,18,10,15408,4280,,,
sait ,5,856,20,10,17120,4280,,,
peau ,5,855,18,10,15390,4275,,,
bretagne ,9,854,32,18,27328,7686,,,
problemes ,10,851,35,20,29785,8510,,,
demi ,5,851,12,10,10212,4255,,,
nee ,4,850,21,8,17850,3400,,,
emission ,9,850,30,18,25500,7650,,,
britanniques ,13,848,49,26,41552,11024,,,
domaine ,8,847,23,16,19481,6776,,,
insectes ,9,846,35,18,29610,7614,,,
video ,6,845,24,12,20280,5070,,,
americaine ,11,845,37,22,31265,9295,,,
commun ,7,843,27,14,22761,5901,,,
source ,7,843,27,14,22761,5901,,,
auteur ,7,842,31,14,26102,5894,,,
obtenir ,8,841,30,16,25230,6728,,,
juifs ,6,839,22,12,18458,5034,,,
contrairement ,14,837,50,28,41850,11718,,,
seuls ,6,836,23,12,19228,5016,,,
pieces ,7,835,22,14,18370,5845,,,
finale ,7,835,21,14,17535,5845,,,
heure ,6,833,23,12,19159,4998,,,
siege ,6,833,23,12,19159,4998,,,
modele ,7,830,21,14,17430,5810,,,
nourriture ,11,829,48,22,39792,9119,,,
pont ,5,829,23,10,19067,4145,,,
longueur ,9,827,32,18,26464,7443,,,
contient ,9,827,34,18,28118,7443,,,
toutefois ,10,825,40,20,33000,8250,,,
obtient ,8,821,31,16,25451,6568,,,
utilisee ,9,820,34,18,27880,7380,,,
pouvait ,8,820,31,16,25420,6560,,,
ciel ,5,813,15,10,12195,4065,,,
message ,8,813,25,16,20325,6504,,,
physique ,9,812,34,18,27608,7308,,,
arbres ,7,812,31,14,25172,5684,,,
comprendre ,11,811,35,22,28385,8921,,,
tels ,5,810,19,10,15390,4050,,,
territoires ,12,810,44,24,35640,9720,,,
fond ,5,810,20,10,16200,4050,,,
recoit ,7,808,29,14,23432,5656,,,
regles ,7,806,31,14,24986,5642,,,
images ,7,806,23,14,18538,5642,,,
altitude ,9,806,37,18,29822,7254,,,
peuples ,8,806,28,16,22568,6448,,,
election ,9,805,31,18,24955,7245,,,
pattes ,7,805,27,14,21735,5635,,,
concours ,9,803,34,18,27302,7227,,,
puissance ,10,803,33,20,26499,8030,,,
match ,6,802,20,12,16040,4812,,,
particulierement ,17,802,60,34,48120,13634,,,
filles ,7,802,23,14,18446,5614,,,
voici ,6,800,23,12,18400,4800,,,
familles ,9,800,28,18,22400,7200,,,
bout ,5,800,24,10,19200,4000,,,
communes ,9,800,32,18,25600,7200,,,
jacques ,8,799,28,16,22372,6392,,,
humains ,8,799,32,16,25568,6392,,,
p ,2,797,8,4,6376,1594,,,
aucune ,7,796,29,14,23084,5572,,,
semaines ,9,794,31,18,24614,7146,,,
franco ,7,794,23,14,18262,5558,,,
avons ,6,793,27,12,21411,4758,,,
temple ,7,793,23,14,18239,5551,,,
derniers ,9,792,29,18,22968,7128,,,
internet ,9,792,35,18,27720,7128,,,
parc ,5,792,18,10,14256,3960,,,
fete ,5,791,21,10,16611,3955,,,
armes ,6,790,24,12,18960,4740,,,
mode ,5,789,14,10,11046,3945,,,
present ,8,788,34,16,26792,6304,,,
occasion ,9,788,31,18,24428,7092,,,
sport ,6,787,29,12,22823,4722,,,
endroit ,8,787,30,16,23610,6296,,,
rois ,5,787,22,10,17314,3935,,,
mariage ,8,785,25,16,19625,6280,,,
activite ,9,784,34,18,26656,7056,,,
electrique ,11,784,38,22,29792,8624,,,
activites ,10,783,39,20,30537,7830,,,
chretiens ,10,783,37,20,28971,7830,,,
manger ,7,780,24,14,18720,5460,,,
quel ,5,779,17,10,13243,3895,,,
discuter ,9,778,29,18,22562,7002,,,
voire ,6,777,23,12,17871,4662,,,
noire ,6,776,26,12,20176,4656,,,
realite ,8,776,34,16,26384,6208,,,
valeur ,7,775,27,14,20925,5425,,,
eme ,4,775,10,8,7750,3100,,,
province ,9,775,31,18,24025,6975,,,
comprend ,9,775,29,18,22475,6975,,,
directement ,12,774,37,24,28638,9288,,,
ecoles ,7,772,22,14,16984,5404,,,
americains ,11,771,39,22,30069,8481,,,
urss ,5,770,19,10,14630,3850,,,
creee ,6,770,24,12,18480,4620,,,
reseau ,7,770,29,14,22330,5390,,,
matiere ,8,769,30,16,23070,6152,,,
religieux ,10,769,38,20,29222,7690,,,
dynastie ,9,769,31,18,23839,6921,,,
association ,12,767,45,24,34515,9204,,,
types ,6,766,25,12,19150,4596,,,
autoroute ,10,766,44,20,33704,7660,,,
univers ,8,765,30,16,22950,6120,,,
lire ,5,765,15,10,11475,3825,,,
acces ,6,763,20,12,15260,4578,,,
chaine ,7,763,22,14,16786,5341,,,
chasse ,7,761,26,14,19786,5327,,,
montagnes ,10,761,36,20,27396,7610,,,
facilement ,11,760,33,22,25080,8360,,,
kilometres ,11,760,42,22,31920,8360,,,
minutes ,8,760,29,16,22040,6080,,,
village ,8,758,26,16,19708,6064,,,
questions ,10,757,38,20,28766,7570,,,
ta ,3,756,14,6,10584,2268,,,
programme ,10,756,32,20,24192,7560,,,
feuilles ,9,755,32,18,24160,6795,,,
etoiles ,8,754,29,16,21866,6032,,,
passage ,8,753,25,16,18825,6024,,,
chemin ,7,753,22,14,16566,5271,,,
salle ,6,751,21,12,15771,4506,,,
cathedrale ,11,749,45,22,33705,8239,,,
entree ,7,748,28,14,20944,5236,,,
mont ,5,748,21,10,15708,3740,,,
code ,5,748,14,10,10472,3740,,,
pression ,9,747,32,18,23904,6723,,,
principaux ,11,747,40,22,29880,8217,,,
masse ,6,746,22,12,16412,4476,,,
raconte ,8,744,33,16,24552,5952,,,
lieux ,6,744,20,12,14880,4464,,,
designe ,8,742,23,16,17066,5936,,,
sante ,6,742,24,12,17808,4452,,,
large ,6,742,19,12,14098,4452,,,
simplement ,11,741,38,22,28158,8151,,,
blanche ,8,740,26,16,19240,5920,,,
former ,7,740,27,14,19980,5180,,,
fleuve ,7,740,26,14,19240,5180,,,
wp ,3,740,20,6,14800,2220,,,
grecs ,6,739,23,12,16997,4434,,,
superficie ,11,738,39,22,28782,8118,,,
york ,5,737,24,10,17688,3685,,,
poste ,6,737,22,12,16214,4422,,,
manque ,7,736,24,14,17664,5152,,,
hauteur ,8,735,34,16,24990,5880,,,
japonais ,9,735,33,18,24255,6615,,,
fonctions ,10,734,40,20,29360,7340,,,
humain ,7,734,29,14,21286,5138,,,
inde ,5,734,19,10,13946,3670,,,
moyens ,7,734,27,14,19818,5138,,,
mesures ,8,734,28,16,20552,5872,,,
garde ,6,734,20,12,14680,4404,,,
suisse ,7,733,27,14,19791,5131,,,
quartier ,9,732,36,18,26352,6588,,,
importants ,11,732,45,22,32940,8052,,,
commerce ,9,732,28,18,20496,6588,,,
apparait ,9,732,36,18,26352,6588,,,
lutte ,6,732,22,12,16104,4392,,,
trouvent ,9,731,38,18,27778,6579,,,
samedi ,7,731,25,14,18275,5117,,,
importantes ,12,730,48,24,35040,8760,,,
montre ,7,729,25,14,18225,5103,,,
semble ,7,727,21,14,15267,5089,,,
puisque ,8,727,30,16,21810,5816,,,
construire ,11,727,41,22,29807,7997,,,
entier ,7,726,24,14,17424,5082,,,
belge ,6,726,21,12,15246,4356,,,
voie ,5,724,18,10,13032,3620,,,
atteint ,8,722,33,16,23826,5776,,,
train ,6,722,22,12,15884,4332,,,
chanson ,8,722,28,16,20216,5776,,,
communaute ,11,722,39,22,28158,7942,,,
xxe ,4,722,24,8,17328,2888,,,
continue ,9,721,33,18,23793,6489,,,
kg ,3,720,19,6,13680,2160,,,
atteindre ,10,719,35,20,25165,7190,,,
duree ,6,719,22,12,15818,4314,,,
participe ,10,719,32,20,23008,7190,,,
fruits ,7,719,28,14,20132,5033,,,
avance ,7,716,25,14,17900,5012,,,
proches ,8,716,25,16,17900,5728,,,
voyage ,7,716,27,14,19332,5012,,,
propose ,8,714,28,16,19992,5712,,,
votre ,6,714,25,12,17850,4284,,,
russes ,7,714,31,14,22134,4998,,,
veulent ,8,713,30,16,21390,5704,,,
course ,7,713,26,14,18538,4991,,,
travailler ,11,713,38,22,27094,7843,,,
connait ,8,712,29,16,20648,5696,,,
lac ,4,712,13,8,9256,2848,,,
position ,9,710,34,18,24140,6390,,,
police ,7,710,21,14,14910,4970,,,
marque ,7,709,26,14,18434,4963,,,
du ,3,708,9,6,6372,2124,,,
decision ,9,707,29,18,20503,6363,,,
paysans ,8,707,28,16,19796,5656,,,
partout ,8,706,32,16,22592,5648,,,
belle ,6,706,20,12,14120,4236,,,
montagne ,9,706,31,18,21886,6354,,,
protection ,11,704,40,22,28160,7744,,,
grece ,6,703,22,12,15466,4218,,,
riche ,6,702,22,12,15444,4212,,,
chat ,5,701,18,10,12618,3505,,,
maitre ,7,701,23,14,16123,4907,,,
actuelle ,9,701,31,18,21731,6309,,,
composee ,9,700,34,18,23800,6300,,,
iv ,3,698,15,6,10470,2094,,,
laisse ,7,697,21,14,14637,4879,,,
compagnie ,10,696,31,20,21576,6960,,,
explique ,9,695,33,18,22935,6255,,,
unique ,7,695,28,14,19460,4865,,,
securite ,9,695,34,18,23630,6255,,,
armees ,7,695,30,14,20850,4865,,,
eaux ,5,694,19,10,13186,3470,,,
poids ,6,693,21,12,14553,4158,,,
appel ,6,693,25,12,17325,4158,,,
lignes ,7,692,22,14,15224,4844,,,
pied ,5,692,14,10,9688,3460,,,
ait ,4,690,16,8,11040,2760,,,
soient ,7,688,27,14,18576,4816,,,
sur ,4,687,18,8,12366,2748,,,
michel ,7,686,20,14,13720,4802,,,
universite ,11,686,40,22,27440,7546,,,
permettre ,10,685,34,20,23290,6850,,,
facile ,7,685,19,14,13015,4795,,,
bord ,5,685,21,10,14385,3425,,,
membre ,7,685,19,14,13015,4795,,,
heros ,6,685,26,12,17810,4110,,,
grecque ,8,684,29,16,19836,5472,,,
cheval ,7,683,24,14,16392,4781,,,
paul ,5,683,18,10,12294,3415,,,
tr ,3,682,14,6,9548,2046,,,
dure ,5,681,15,10,10215,3405,,,
g ,2,681,11,4,7491,1362,,,
utilises ,9,680,34,18,23120,6120,,,
parlement ,10,680,32,20,21760,6800,,,
necessaire ,11,680,40,22,27200,7480,,,
fleurs ,7,679,27,14,18333,4753,,,
piece ,6,678,18,12,12204,4068,,,
utilisateurs ,13,678,47,26,31866,8814,,,
uniquement ,11,677,42,22,28434,7447,,,
utilisation ,12,677,43,24,29111,8124,,,
quantite ,9,677,35,18,23695,6093,,,
decouvert ,10,676,34,20,22984,6760,,,
decide ,7,676,16,14,10816,4732,,,
crise ,6,675,20,12,13500,4050,,,
chinois ,8,674,27,16,18198,5392,,,
permis ,7,673,24,14,16152,4711,,,
symbole ,8,673,29,16,19517,5384,,,
peur ,5,669,18,10,12042,3345,,,
attention ,10,668,40,20,26720,6680,,,
royal ,6,666,28,12,18648,3996,,,
noms ,5,666,22,10,14652,3330,,,
principale ,11,665,34,22,22610,7315,,,
influence ,10,665,37,20,24605,6650,,,
risque ,7,664,29,14,19256,4648,,,
pages ,6,663,17,12,11271,3978,,,
interdit ,9,662,34,18,22508,5958,,,
regarder ,9,661,32,18,21152,5949,,,
entreprises ,12,660,42,24,27720,7920,,,
constitution ,13,660,52,26,34320,8580,,,
economie ,9,660,31,18,20460,5940,,,
marins ,7,659,25,14,16475,4613,,,
faible ,7,659,19,14,12521,4613,,,
actuel ,7,658,26,14,17108,4606,,,
compris ,8,657,29,16,19053,5256,,,
journal ,8,657,31,16,20367,5256,,,
justice ,8,657,29,16,19053,5256,,,
formes ,7,656,26,14,17056,4592,,,
jaune ,6,655,22,12,14410,3930,,,
forces ,7,655,24,14,15720,4585,,,
guerres ,8,654,30,16,19620,5232,,,
commence ,9,654,26,18,17004,5886,,,
artistes ,9,653,36,18,23508,5877,,,
resistance ,11,653,41,22,26773,7183,,,
occupe ,7,651,26,14,16926,4557,,,
musulmans ,10,651,37,20,24087,6510,,,
entreprise ,11,651,38,22,24738,7161,,,
changer ,8,650,25,16,16250,5200,,,
arbre ,6,650,27,12,17550,3900,,,
formation ,10,650,37,20,24050,6500,,,
bleu ,5,648,20,10,12960,3240,,,
technique ,10,647,35,20,22645,6470,,,
moderne ,8,645,25,16,16125,5160,,,
froid ,6,644,21,12,13524,3864,,,
sortie ,7,643,28,14,18004,4501,,,
royale ,7,643,31,14,19933,4501,,,
noirs ,6,643,28,12,18004,3858,,,
tombe ,6,643,21,12,13503,3858,,,
camp ,5,642,19,10,12198,3210,,,
rh ,3,642,21,6,13482,1926,,,
mains ,6,641,21,12,13461,3846,,,
citoyens ,9,641,34,18,21794,5769,,,
culte ,6,641,22,12,14102,3846,,,
professeur ,11,641,38,22,24358,7051,,,
devait ,7,641,22,14,14102,4487,,,
xviiie ,7,641,32,14,20512,4487,,,
internationale ,15,640,53,30,33920,9600,,,
techniques ,11,638,39,22,24882,7018,,,
situe ,6,637,24,12,15288,3822,,,
hors ,5,637,24,10,15288,3185,,,
pouvoirs ,9,636,36,18,22896,5724,,,
plante ,7,636,23,14,14628,4452,,,
historique ,11,634,46,22,29164,6974,,,
milliers ,9,633,29,18,18357,5697,,,
dispose ,8,633,25,16,15825,5064,,,
tente ,6,633,26,12,16458,3798,,,
resultat ,9,632,38,18,24016,5688,,,
decouverte ,11,629,37,22,23273,6919,,,
faisait ,8,628,27,16,16956,5024,,,
affaires ,9,626,31,18,19406,5634,,,
vent ,5,626,21,10,13146,3130,,,
rester ,7,625,28,14,17500,4375,,,
virus ,6,625,27,12,16875,3750,,,
italien ,8,625,29,16,18125,5000,,,
raisons ,8,624,35,16,21840,4992,,,
freres ,7,623,30,14,18690,4361,,,
chute ,6,623,21,12,13083,3738,,,
derriere ,9,623,31,18,19313,5607,,,
terrain ,8,622,28,16,17416,4976,,,
dessous ,8,622,28,16,17416,4976,,,
agriculture ,12,622,48,24,29856,7464,,,
principe ,9,621,30,18,18630,5589,,,
produire ,9,621,32,18,19872,5589,,,
distance ,9,621,27,18,16767,5589,,,
sovietique ,11,621,50,22,31050,6831,,,
textes ,7,621,28,14,17388,4347,,,
etres ,6,620,21,12,13020,3720,,,
es ,3,619,9,6,5571,1857,,,
honneur ,8,618,33,16,20394,4944,,,
ligue ,6,618,18,12,11124,3708,,,
chambre ,8,617,23,16,14191,4936,,,
queue ,6,617,22,12,13574,3702,,,
seine ,6,617,22,12,13574,3702,,,
imp ,4,615,18,8,11070,2460,,,
catholiques ,12,615,43,24,26445,7380,,,
canada ,7,614,21,14,12894,4298,,,
arabe ,6,613,22,12,13486,3678,,,
marine ,7,613,23,14,14099,4291,,,
atlantique ,11,613,43,22,26359,6743,,,
espagnol ,9,612,32,18,19584,5508,,,
aupres ,7,612,30,14,18360,4284,,,
alpes ,6,611,23,12,14053,3666,,,
eleve ,6,610,20,12,12200,3660,,,
choix ,6,610,21,12,12810,3660,,,
xiv ,4,610,24,8,14640,2440,,,
francaises ,11,609,39,22,23751,6699,,,
sorti ,6,609,28,12,17052,3654,,,
riches ,7,609,26,14,15834,4263,,,
theorie ,8,609,32,16,19488,4872,,,
services ,9,608,31,18,18848,5472,,,
charge ,7,608,22,14,13376,4256,,,
decouvrir ,10,607,34,20,20638,6070,,,
nouvel ,7,607,30,14,18210,4249,,,
defense ,8,606,26,16,15756,4848,,,
comporte ,9,605,34,18,20570,5445,,,
huit ,5,605,23,10,13915,3025,,,
bruxelles ,10,604,37,20,22348,6040,,,
retrouver ,10,604,42,20,25368,6040,,,
male ,5,604,17,10,10268,3020,,,
laisser ,8,603,26,16,15678,4824,,,
connus ,7,603,28,14,16884,4221,,,
portugal ,9,603,34,18,20502,5427,,,
rapide ,7,602,28,14,16856,4214,,,
ecriture ,9,600,32,18,19200,5400,,,
legende ,8,600,23,16,13800,4800,,,
autrefois ,10,599,39,20,23361,5990,,,
parvient ,9,598,33,18,19734,5382,,,
potter ,7,598,28,14,16744,4186,,,
arriere ,8,597,31,16,18507,4776,,,
divers ,7,597,23,14,13731,4179,,,
maisons ,8,596,28,16,16688,4768,,,
adore ,6,593,25,12,14825,3558,,,
presse ,7,592,23,14,13616,4144,,,
riviere ,8,592,33,16,19536,4736,,,
tuer ,5,592,20,10,11840,2960,,,
tes ,4,591,16,8,9456,2364,,,
transport ,10,591,41,20,24231,5910,,,
sainte ,7,591,28,14,16548,4137,,,
officielle ,11,589,35,22,20615,6479,,,
contraire ,10,589,36,20,21204,5890,,,
ami ,4,589,16,8,9424,2356,,,
mediterranee ,13,588,49,26,28812,7644,,,
importance ,11,588,40,22,23520,6468,,,
international ,14,587,52,28,30524,8218,,,
industrie ,10,587,40,20,23480,5870,,,
nombres ,8,586,30,16,17580,4688,,,
recu ,5,586,24,10,14064,2930,,,
fortement ,10,586,37,20,21682,5860,,,
connaitre ,10,585,37,20,21645,5850,,,
certain ,8,585,28,16,16380,4680,,,
existence ,10,585,35,20,20475,5850,,,
enseignement ,13,585,43,26,25155,7605,,,
al ,3,584,13,6,7592,1752,,,
amour ,6,584,28,12,16352,3504,,,
progressivement ,16,584,57,32,33288,9344,,,
autorite ,9,584,38,18,22192,5256,,,
ch ,3,584,11,6,6424,1752,,,
ressemble ,10,584,34,20,19856,5840,,,
defaite ,8,584,26,16,15184,4672,,,
mission ,8,584,29,16,16936,4672,,,
campagne ,9,584,29,18,16936,5256,,,
oui ,4,583,19,8,11077,2332,,,
statut ,7,581,32,14,18592,4067,,,
administration ,15,580,59,30,34220,8700,,,
partis ,7,577,25,14,14425,4039,,,
cousin ,7,577,29,14,16733,4039,,,
generale ,9,576,35,18,20160,5184,,,
batiments ,10,576,40,20,23040,5760,,,
mathematiques ,14,575,53,28,30475,8050,,,
etats ,6,575,22,12,12650,3450,,,
neanmoins ,10,575,41,20,23575,5750,,,
correspond ,11,574,39,22,22386,6314,,,
capable ,8,574,26,16,14924,4592,,,
poisson ,8,574,33,16,18942,4592,,,
vivants ,8,574,34,16,19516,4592,,,
participer ,11,573,36,22,20628,6303,,,
chaleur ,8,573,28,16,16044,4584,,,
vallee ,7,573,27,14,15471,4011,,,
donnees ,8,572,31,16,17732,4576,,,
navires ,8,572,36,16,20592,4576,,,
nourrit ,8,572,37,16,21164,4576,,,
consiste ,9,571,32,18,18272,5139,,,
cellules ,9,571,28,18,15988,5139,,,
frontiere ,10,570,38,20,21660,5700,,,
lettres ,8,569,28,16,15932,4552,,,
doute ,6,569,20,12,11380,3414,,,
orient ,7,568,28,14,15904,3976,,,
radio ,6,568,26,12,14768,3408,,,
carte ,6,568,20,12,11360,3408,,,
mur ,4,567,17,8,9639,2268,,,
categorie ,10,567,41,20,23247,5670,,,
milliards ,10,567,30,20,17010,5670,,,
zones ,6,567,25,12,14175,3402,,,
forme ,6,566,22,12,12452,3396,,,
provoque ,9,566,34,18,19244,5094,,,
dimanche ,9,565,23,18,12995,5085,,,
danger ,7,565,21,14,11865,3955,,,
decouvre ,9,565,29,18,16385,5085,,,
utilisent ,10,565,38,20,21470,5650,,,
mouvements ,11,565,41,22,23165,6215,,,
regulierement ,14,564,56,28,31584,7896,,,
prison ,7,564,25,14,14100,3948,,,
experience ,11,564,38,22,21432,6204,,,
sortes ,7,564,30,14,16920,3948,,,
allies ,7,564,26,14,14664,3948,,,
viennent ,9,563,34,18,19142,5067,,,
sais ,5,563,19,10,10697,2815,,,
tours ,6,563,27,12,15201,3378,,,
importe ,8,563,30,16,16890,4504,,,
deviennent ,11,563,37,22,20831,6193,,,
servir ,7,562,27,14,15174,3934,,,
comte ,6,562,20,12,11240,3372,,,
numero ,7,561,30,14,16830,3927,,,
qualite ,8,560,29,16,16240,4480,,,
australie ,10,560,37,20,20720,5600,,,
viande ,7,558,26,14,14508,3906,,,
science ,8,557,27,16,15039,4456,,,
forets ,7,557,33,14,18381,3899,,,
permettant ,11,557,39,22,21723,6127,,,
principales ,12,557,38,24,21166,6684,,,
nomme ,6,557,24,12,13368,3342,,,
adultes ,8,556,33,16,18348,4448,,,
bourgogne ,10,556,39,20,21684,5560,,,
sexualite ,10,556,39,20,21684,5560,,,
mario ,6,555,22,12,12210,3330,,,
signe ,6,554,21,12,11634,3324,,,
pologne ,8,554,27,16,14958,4432,,,
relations ,10,554,39,20,21606,5540,,,
metier ,7,554,23,14,12742,3878,,,
victimes ,9,551,32,18,17632,4959,,,
antique ,8,551,31,16,17081,4408,,,
quelqu ,7,550,27,14,14850,3850,,,
bande ,6,550,19,12,10450,3300,,,
chien ,6,550,20,12,11000,3300,,,
esclaves ,9,550,29,18,15950,4950,,,
quitte ,7,550,27,14,14850,3850,,,
peine ,6,549,20,12,10980,3294,,,
fil ,4,549,14,8,7686,2196,,,
ukraine ,8,549,32,16,17568,4392,,,
anciennes ,10,549,34,20,18666,5490,,,
apprendre ,10,548,38,20,20824,5480,,,
suivante ,9,548,38,18,20824,4932,,,
sciences ,9,548,31,18,16988,4932,,,
chefs ,6,547,18,12,9846,3282,,,
apparition ,11,547,46,22,25162,6017,,,
fit ,4,547,15,8,8205,2188,,,
joseph ,7,547,27,14,14769,3829,,,
puisqu ,7,546,29,14,15834,3822,,,
classique ,10,546,39,20,21294,5460,,,
environnement ,14,545,53,28,28885,7630,,,
rue ,4,545,20,8,10900,2180,,,
extreme ,8,545,28,16,15260,4360,,,
seigneur ,9,545,35,18,19075,4905,,,
aime ,5,544,17,10,9248,2720,,,
contenu ,8,544,31,16,16864,4352,,,
suivant ,8,543,34,16,18462,4344,,,
vol ,4,543,19,8,10317,2172,,,
fondee ,7,543,29,14,15747,3801,,,
communiste ,11,543,40,22,21720,5973,,,
difference ,11,542,35,22,18970,5962,,,
totalement ,11,542,41,22,22222,5962,,,
demander ,9,541,24,18,12984,4869,,,
sujets ,7,541,30,14,16230,3787,,,
salut ,6,541,26,12,14066,3246,,,
rouges ,7,540,30,14,16200,3780,,,
provinces ,10,539,37,20,19943,5390,,,
mondial ,8,538,25,16,13450,4304,,,
naturel ,8,536,35,16,18760,4288,,,
devenue ,8,536,27,16,14472,4288,,,
bras ,5,536,21,10,11256,2680,,,
xvie ,5,536,25,10,13400,2680,,,
bresil ,7,536,27,14,14472,3752,,,
etude ,6,535,20,12,10700,3210,,,
maladies ,9,535,29,18,15515,4815,,,
hitler ,7,535,27,14,14445,3745,,,
beau ,5,534,20,10,10680,2670,,,
celebres ,9,533,30,18,15990,4797,,,
simon ,6,533,24,12,12792,3198,,,
sommet ,7,532,28,14,14896,3724,,,
alexandre ,10,532,34,20,18088,5320,,,
langage ,8,531,23,16,12213,4248,,,
realise ,8,531,33,16,17523,4248,,,
senat ,6,531,27,12,14337,3186,,,
bonaparte ,10,531,41,20,21771,5310,,,
expression ,11,531,41,22,21771,5841,,,
moteur ,7,530,27,14,14310,3710,,,
pouvaient ,10,530,37,20,19610,5300,,,
diverses ,9,529,31,18,16399,4761,,,
difficultes ,12,529,38,24,20102,6348,,,
canal ,6,529,20,12,10580,3174,,,
equipes ,8,529,33,16,17457,4232,,,
avions ,7,528,31,14,16368,3696,,,
usage ,6,528,22,12,11616,3168,,,
restent ,8,528,34,16,17952,4224,,,
perd ,5,528,16,10,8448,2640,,,
construite ,11,528,43,22,22704,5808,,,
stade ,6,528,22,12,11616,3168,,,
revient ,8,527,34,16,17918,4216,,,
information ,12,527,48,24,25296,6324,,,
k ,2,527,12,4,6324,1054,,,
disparu ,8,526,26,16,13676,4208,,,
objectif ,9,525,31,18,16275,4725,,,
mammiferes ,11,525,44,22,23100,5775,,,
combats ,8,525,26,16,13650,4200,,,
quatrieme ,10,524,37,20,19388,5240,,,
basse ,6,524,24,12,12576,3144,,,
ouverture ,10,524,41,20,21484,5240,,,
servent ,8,524,32,16,16768,4192,,,
quelle ,7,523,22,14,11506,3661,,,
lance ,6,523,16,12,8368,3138,,,
veux ,5,523,22,10,11506,2615,,,
litterature ,12,523,47,24,24581,6276,,,
lille ,6,523,19,12,9937,3138,,,
competition ,12,522,45,24,23490,6264,,,
total ,6,522,24,12,12528,3132,,,
suivre ,7,521,29,14,15109,3647,,,
loup ,5,521,20,10,10420,2605,,,
malheureusement ,16,520,57,32,29640,8320,,,
rejoint ,8,520,36,16,18720,4160,,,
lait ,5,520,16,10,8320,2600,,,
outils ,7,520,30,14,15600,3640,,,
marche ,7,520,21,14,10920,3640,,,
donnent ,8,517,29,16,14993,4136,,,
batiment ,9,516,36,18,18576,4644,,,
lien ,5,516,15,10,7740,2580,,,
voiture ,8,515,32,16,16480,4120,,,
envie ,6,515,22,12,11330,3090,,,
maire ,6,515,20,12,10300,3090,,,
ecrivain ,9,514,32,18,16448,4626,,,
olympiques ,11,514,45,22,23130,5654,,,
refuse ,7,513,29,14,14877,3591,,,
civile ,7,512,24,14,12288,3584,,,
vert ,5,512,20,10,10240,2560,,,
venir ,6,511,23,12,11753,3066,,,
double ,7,511,20,14,10220,3577,,,
faite ,6,510,20,12,10200,3060,,,
in ,3,510,13,6,6630,1530,,,
edition ,8,509,30,16,15270,4072,,,
ts ,3,509,14,6,7126,1527,,,
electricite ,12,509,41,24,20869,6108,,,
john ,5,509,20,10,10180,2545,,,
avion ,6,508,27,12,13716,3048,,,
ailes ,6,508,21,12,10668,3048,,,
possedent ,10,508,43,20,21844,5080,,,
utc ,4,508,17,8,8636,2032,,,
jeunesse ,9,507,31,18,15717,4563,,,
cirque ,7,507,28,14,14196,3549,,,
exterieur ,10,507,41,20,20787,5070,,,
prennent ,9,507,32,18,16224,4563,,,
oubliee ,8,507,37,16,18759,4056,,,
change ,7,506,21,14,10626,3542,,,
mythologie ,11,506,39,22,19734,5566,,,
adulte ,7,506,29,14,14674,3542,,,
actions ,8,505,31,16,15655,4040,,,
sources ,8,505,31,16,15655,4040,,,
solaire ,8,505,31,16,15655,4040,,,
sein ,5,505,19,10,9595,2525,,,
unite ,6,504,23,12,11592,3024,,,
dessin ,7,504,23,14,11592,3528,,,
francs ,7,504,24,14,12096,3528,,,
champion ,9,504,30,18,15120,4536,,,
communistes ,12,504,44,24,22176,6048,,,
soir ,5,503,20,10,10060,2515,,,
essentiellement ,16,502,51,32,25602,8032,,,
athenes ,8,502,34,16,17068,4016,,,
chaud ,6,501,21,12,10521,3006,,,
officiellement ,15,501,49,30,24549,7515,,,
cesar ,6,501,19,12,9519,3006,,,
annonce ,8,500,29,16,14500,4000,,,
gagner ,7,499,26,14,12974,3493,,,
conflit ,8,499,28,16,13972,3992,,,
protestants ,12,499,46,24,22954,5988,,,
arc ,4,499,19,8,9481,1996,,,
tiers ,6,499,22,12,10978,2994,,,
europeen ,9,498,36,18,17928,4482,,,
oiseau ,7,498,27,14,13446,3486,,,
germanique ,11,498,44,22,21912,5478,,,
central ,8,498,31,16,15438,3984,,,
deroule ,8,497,30,16,14910,3976,,,
court ,6,497,25,12,12425,2982,,,
defendre ,9,497,28,18,13916,4473,,,
matin ,6,496,23,12,11408,2976,,,
veritable ,10,496,35,20,17360,4960,,,
cadre ,6,496,17,12,8432,2976,,,
monarchie ,10,496,33,20,16368,4960,,,
pensent ,8,495,31,16,15345,3960,,,
marche ,7,495,21,14,10395,3465,,,
danse ,6,495,19,12,9405,2970,,,
originaire ,11,495,39,22,19305,5445,,,
biens ,6,495,23,12,11385,2970,,,
voter ,6,495,25,12,12375,2970,,,
sucre ,6,495,22,12,10890,2970,,,
pourra ,7,494,26,14,12844,3458,,,
opposition ,11,494,48,22,23712,5434,,,
neuf ,5,494,20,10,9880,2470,,,
operation ,10,494,42,20,20748,4940,,,
dangereux ,10,493,34,20,16762,4930,,,
division ,9,492,31,18,15252,4428,,,
belges ,7,492,25,14,12300,3444,,,
futur ,6,492,26,12,12792,2952,,,
machine ,8,492,24,16,11808,3936,,,
porter ,7,491,27,14,13257,3437,,,
meilleure ,10,491,32,20,15712,4910,,,
publie ,7,490,22,14,10780,3430,,,
choisi ,7,490,24,14,11760,3430,,,
autorites ,10,490,42,20,20580,4900,,,
decisions ,10,489,33,20,16137,4890,,,
rares ,6,488,28,12,13664,2928,,,
architecture ,13,488,49,26,23912,6344,,,
contact ,8,487,29,16,14123,3896,,,
front ,6,486,24,12,11664,2916,,,
ordinateur ,11,485,41,22,19885,5335,,,
encyclopedie ,13,485,45,26,21825,6305,,,
probablement ,13,484,42,26,20328,6292,,,
television ,11,484,44,22,21296,5324,,,
ceci ,5,484,16,10,7744,2420,,,
liquide ,8,484,26,16,12584,3872,,,
convention ,11,484,43,22,20812,5324,,,
continent ,10,484,37,20,17908,4840,,,
sortir ,7,483,30,14,14490,3381,,,
departements ,13,483,46,26,22218,6279,,,
wiki ,5,483,23,10,11109,2415,,,
entierement ,12,481,46,24,22126,5772,,,
os ,3,481,15,6,7215,1443,,,
esprit ,7,480,27,14,12960,3360,,,
melange ,8,480,26,16,12480,3840,,,
eut ,4,480,17,8,8160,1920,,,
tradition ,10,479,36,20,17244,4790,,,
occidentale ,12,479,40,24,19160,5748,,,
males ,6,479,21,12,10059,2874,,,
mexique ,8,479,29,16,13891,3832,,,
bateau ,7,478,27,14,12906,3346,,,
guillaume ,10,478,37,20,17686,4780,,,
travaille ,10,478,33,20,15774,4780,,,
sable ,6,478,20,12,9560,2868,,,
phenomene ,10,477,46,20,21942,4770,,,
faits ,6,477,21,12,10017,2862,,,
perdu ,6,477,21,12,10017,2862,,,
puisse ,7,477,24,14,11448,3339,,,
trouve ,7,476,29,14,13804,3332,,,
pacifique ,10,476,29,20,13804,4760,,,
gris ,5,476,21,10,9996,2380,,,
partisans ,10,476,34,20,16184,4760,,,
eleve ,6,475,20,12,9500,2850,,,
euros ,6,475,25,12,11875,2850,,,
longues ,8,475,27,16,12825,3800,,,
loire ,6,475,20,12,9500,2850,,,
colonies ,9,475,33,18,15675,4275,,,
champs ,7,474,23,14,10902,3318,,,
modifier ,9,473,27,18,12771,4257,,,
pain ,5,473,18,10,8514,2365,,,
vieux ,6,473,25,12,11825,2838,,,
indique ,8,472,31,16,14632,3776,,,
souhaite ,9,472,34,18,16048,4248,,,
massif ,7,472,24,14,11328,3304,,,
renaissance ,12,472,45,24,21240,5664,,,
xviie ,6,472,28,12,13216,2832,,,
clerge ,7,472,26,14,12272,3304,,,
populations ,12,472,48,24,22656,5664,,,
pouvez ,7,472,29,14,13688,3304,,,
ecologie ,9,471,28,18,13188,4239,,,
rare ,5,471,24,10,11304,2355,,,
mi ,3,471,11,6,5181,1413,,,
elus ,5,471,20,10,9420,2355,,,
eglises ,8,471,31,16,14601,3768,,,
fonctionnement ,15,471,58,30,27318,7065,,,
vi ,3,470,15,6,7050,1410,,,
remporte ,9,469,35,18,16415,4221,,,
monnaie ,8,468,26,16,12168,3744,,,
rejoindre ,10,468,39,20,18252,4680,,,
oppose ,7,468,32,14,14976,3276,,,
quant ,6,468,25,12,11700,2808,,,
joue ,5,466,19,10,8854,2330,,,
installer ,10,466,35,20,16310,4660,,,
temoigne ,9,466,32,18,14912,4194,,,
pauvres ,8,466,31,16,14446,3728,,,
candidat ,9,466,28,18,13048,4194,,,
entrer ,7,465,26,14,12090,3255,,,
constantinople ,15,465,59,30,27435,6975,,,
assurer ,8,465,34,16,15810,3720,,,
deesse ,7,465,28,14,13020,3255,,,
nourrir ,8,464,36,16,16704,3712,,,
interet ,8,464,36,16,16704,3712,,,
nicolas ,8,463,29,16,13427,3704,,,
aventures ,10,462,42,20,19404,4620,,,
apparaissent ,13,462,51,26,23562,6006,,,
uf ,3,462,16,6,7392,1386,,,
noblesse ,9,462,35,18,16170,4158,,,
terrestre ,10,462,37,20,17094,4620,,,
papier ,7,461,24,14,11064,3227,,,
auguste ,8,461,37,16,17057,3688,,,
algerie ,8,461,28,16,12908,3688,,,
eteint ,7,461,29,14,13369,3227,,,
religieuse ,11,460,39,22,17940,5060,,,
constitue ,10,460,38,20,17480,4600,,,
remporte ,9,460,35,18,16100,4140,,,
calendrier ,11,459,34,22,15606,5049,,,
realiser ,9,459,37,18,16983,4131,,,
sites ,6,459,22,12,10098,2754,,,
tableau ,8,459,27,16,12393,3672,,,
blancs ,7,459,25,14,11475,3213,,,
tient ,6,458,22,12,10076,2748,,,
espagnols ,10,458,35,20,16030,4580,,,
termine ,8,458,27,16,12366,3664,,,
developper ,11,457,37,22,16909,5027,,,
lutter ,7,457,26,14,11882,3199,,,
etend ,6,457,23,12,10511,2742,,,
dos ,4,455,14,8,6370,1820,,,
installe ,9,455,31,18,14105,4095,,,
mange ,6,455,20,12,9100,2730,,,
couple ,7,455,25,14,11375,3185,,,
somme ,6,453,23,12,10419,2718,,,
ministres ,10,453,35,20,15855,4530,,,
alliance ,9,453,31,18,14043,4077,,,
reportage ,10,452,43,20,19436,4520,,,
fr ,3,452,13,6,5876,1356,,,
jules ,6,452,24,12,10848,2712,,,
continuer ,10,451,37,20,16687,4510,,,
montrer ,8,450,30,16,13500,3600,,,
thomas ,7,450,25,14,11250,3150,,,
robert ,7,450,33,14,14850,3150,,,
evolution ,10,450,43,20,19350,4500,,,
administrateur ,15,450,59,30,26550,6750,,,
tonnes ,7,449,28,14,12572,3143,,,
maximum ,8,448,30,16,13440,3584,,,
fonde ,6,448,23,12,10304,2688,,,
croix ,6,448,24,12,10752,2688,,,
publique ,9,447,30,18,13410,4023,,,
vienne ,7,447,24,14,10728,3129,,,
via ,4,446,18,8,8028,1784,,,
different ,10,446,36,20,16056,4460,,,
pieds ,6,445,18,12,8010,2670,,,
recherches ,11,445,37,22,16465,4895,,,
neige ,6,444,23,12,10212,2664,,,
developpe ,10,444,33,20,14652,4440,,,
arts ,5,444,22,10,9768,2220,,,
detruit ,8,442,30,16,13260,3536,,,
officiel ,9,442,30,18,13260,3978,,,
prusse ,7,442,26,14,11492,3094,,,
exposition ,11,441,44,22,19404,4851,,,
proximite ,10,441,38,20,16758,4410,,,
remplace ,9,441,30,18,13230,3969,,,
jardin ,7,441,27,14,11907,3087,,,
anti ,5,440,23,10,10120,2200,,,
vingt ,6,440,25,12,11000,2640,,,
noel ,5,440,23,10,10120,2200,,,
reprend ,8,440,31,16,13640,3520,,,
atmosphere ,11,439,46,22,20194,4829,,,
utilisees ,10,439,39,20,17121,4390,,,
metal ,6,439,20,12,8780,2634,,,
vaste ,6,439,25,12,10975,2634,,,
david ,6,438,19,12,8322,2628,,,
representant ,13,438,60,26,26280,5694,,,
acheter ,8,438,27,16,11826,3504,,,
presents ,9,438,38,18,16644,3942,,,
urs ,4,438,15,8,6570,1752,,,
partage ,8,438,26,16,11388,3504,,,
appartient ,11,438,48,22,21024,4818,,,
domaines ,9,438,27,18,11826,3942,,,
section ,8,438,30,16,13140,3504,,,
existent ,9,437,36,18,15732,3933,,,
personnel ,10,437,34,20,14858,4370,,,
envoie ,7,437,26,14,11362,3059,,,
vacances ,9,437,29,18,12673,3933,,,
dents ,6,437,20,12,8740,2622,,,
consideree ,11,437,42,22,18354,4807,,,
femelles ,9,437,28,18,12236,3933,,,
reporters ,10,436,43,20,18748,4360,,,
arreter ,8,436,35,16,15260,3488,,,
religieuses ,12,436,43,24,18748,5232,,,
and ,4,436,16,8,6976,1744,,,
bateaux ,8,435,32,16,13920,3480,,,
signe ,6,434,21,12,9114,2604,,,
reussi ,7,434,32,14,13888,3038,,,
ennemis ,8,434,28,16,12152,3472,,,
gare ,5,434,19,10,8246,2170,,,
championnat ,12,434,42,24,18228,5208,,,
dernieres ,10,433,34,20,14722,4330,,,
auteurs ,8,433,35,16,15155,3464,,,
islam ,6,433,21,12,9093,2598,,,
pose ,5,433,17,10,7361,2165,,,
reponse ,8,433,38,16,16454,3464,,,
apprend ,8,432,32,16,13824,3456,,,
seraient ,9,432,32,18,13824,3888,,,
coulisses ,10,432,38,20,16416,4320,,,
suit ,5,431,23,10,9913,2155,,,
romans ,7,431,31,14,13361,3017,,,
pierres ,8,431,26,16,11206,3448,,,
fabrication ,12,431,40,24,17240,5172,,,
repondre ,9,431,39,18,16809,3879,,,
humaine ,8,431,30,16,12930,3448,,,
chance ,7,430,20,14,8600,3010,,,
chansons ,9,430,32,18,13760,3870,,,
nintendo ,9,430,40,18,17200,3870,,,
ouvert ,7,430,30,14,12900,3010,,,
cher ,5,430,16,10,6880,2150,,,
centaines ,10,429,36,20,15444,4290,,,
lettre ,7,429,24,14,10296,3003,,,
developpe ,10,429,33,20,14157,4290,,,
tue ,4,429,16,8,6864,1716,,,
liens ,6,429,19,12,8151,2574,,,
organise ,9,429,35,18,15015,3861,,,
appelees ,9,428,40,18,17120,3852,,,
murs ,5,428,21,10,8988,2140,,,
pouvant ,8,428,32,16,13696,3424,,,
portugais ,10,428,39,20,16692,4280,,,
mauvais ,8,427,29,16,12383,3416,,,
ameliorer ,10,427,40,20,17080,4270,,,
classes ,8,426,29,16,12354,3408,,,
halloween ,10,426,46,20,19596,4260,,,
outre ,6,426,26,12,11076,2556,,,
victime ,8,426,28,16,11928,3408,,,
mda ,4,426,16,8,6816,1704,,,
nobles ,7,425,29,14,12325,2975,,,
zeus ,5,425,25,10,10625,2125,,,
dinosaures ,11,425,43,22,18275,4675,,,
ere ,4,424,17,8,7208,1696,,,
presidentielle ,15,424,46,30,19504,6360,,,
naturelle ,10,424,40,20,16960,4240,,,
chevaux ,8,424,31,16,13144,3392,,,
dehors ,7,423,23,14,9729,2961,,,
gagne ,6,423,22,12,9306,2538,,,
grave ,6,423,23,12,9729,2538,,,
succede ,8,422,29,16,12238,3376,,,
fabriquer ,10,422,35,20,14770,4220,,,
propres ,8,421,29,16,12209,3368,,,
resultats ,10,421,42,20,17682,4210,,,
videos ,7,421,31,14,13051,2947,,,
enfance ,8,421,26,16,10946,3368,,,
payer ,6,421,19,12,7999,2526,,,
conquete ,9,421,37,18,15577,3789,,,
responsable ,12,420,43,24,18060,5040,,,
huile ,6,420,23,12,9660,2520,,,
cerveau ,8,420,29,16,12180,3360,,,
finit ,6,420,22,12,9240,2520,,,
frontieres ,11,419,43,22,18017,4609,,,
volonte ,8,419,32,16,13408,3352,,,
socialiste ,11,419,37,22,15503,4609,,,
record ,7,418,27,14,11286,2926,,,
plat ,5,418,17,10,7106,2090,,,
etrangers ,10,417,33,20,13761,4170,,,
lesquels ,9,417,31,18,12927,3753,,,
extremement ,12,417,43,24,17931,5004,,,
ouvriers ,9,417,37,18,15429,3753,,,
envoyer ,8,417,32,16,13344,3336,,,
concernant ,11,416,39,22,16224,4576,,,
normandie ,10,416,40,20,16640,4160,,,
aspect ,7,416,29,14,12064,2912,,,
soutien ,8,416,32,16,13312,3328,,,
designer ,9,416,27,18,11232,3744,,,
anne ,5,416,19,10,7904,2080,,,
methode ,8,416,25,16,10400,3328,,,
navire ,7,416,32,14,13312,2912,,,
iranienne ,10,416,37,20,15392,4160,,,
consommation ,13,415,47,26,19505,5395,,,
forcement ,10,415,34,20,14110,4150,,,
turquie ,8,415,32,16,13280,3320,,,
peinture ,9,415,34,18,14110,3735,,,
publie ,7,415,22,14,9130,2905,,,
chevaliers ,11,415,40,22,16600,4565,,,
individus ,10,415,39,20,16185,4150,,,
meilleurs ,10,414,33,20,13662,4140,,,
episode ,8,414,30,16,12420,3312,,,
revanche ,9,414,34,18,14076,3726,,,
charge ,7,414,22,14,9108,2898,,,
marin ,6,414,22,12,9108,2484,,,
iraniennes ,11,414,41,22,16974,4554,,,
obligatoire ,12,413,42,24,17346,4956,,,
star ,5,413,22,10,9086,2065,,,
mettent ,8,413,31,16,12803,3304,,,
vis ,4,413,17,8,7021,1652,,,
faites ,7,412,24,14,9888,2884,,,
race ,5,412,20,10,8240,2060,,,
ajouter ,8,412,37,16,15244,3296,,,
mari ,5,412,19,10,7828,2060,,,
immense ,8,411,27,16,11097,3288,,,
couronne ,9,411,36,18,14796,3699,,,
application ,12,411,45,24,18495,4932,,,
vapeur ,7,411,30,14,12330,2877,,,
sociale ,8,411,25,16,10275,3288,,,
choisir ,8,410,28,16,11480,3280,,,
obtenu ,7,410,28,14,11480,2870,,,
proies ,7,409,30,14,12270,2863,,,
enorme ,7,409,31,14,12679,2863,,,
planetes ,9,409,32,18,13088,3681,,,
versailles ,11,409,38,22,15542,4499,,,
proces ,7,409,22,14,8998,2863,,,
reconnu ,8,408,33,16,13464,3264,,,
augmenter ,10,408,43,20,17544,4080,,,
chercher ,9,408,27,18,11016,3672,,,
jerusalem ,10,408,35,20,14280,4080,,,
ennemi ,7,408,23,14,9384,2856,,,
vendredi ,9,407,30,18,12210,3663,,,
nucleaire ,10,407,42,20,17094,4070,,,
photos ,7,406,28,14,11368,2842,,,
covid ,6,406,26,12,10556,2436,,,
bassin ,7,406,30,14,12180,2842,,,
deplacer ,9,406,27,18,10962,3654,,,
jusque ,7,406,29,14,11774,2842,,,
europeennes ,12,406,48,24,19488,4872,,,
remplacer ,10,405,34,20,13770,4050,,,
alba ,5,405,22,10,8910,2025,,,
declare ,8,404,26,16,10504,3232,,,
empecher ,9,404,28,18,11312,3636,,,
superieur ,10,404,44,20,17776,4040,,,
aliments ,9,404,33,18,13332,3636,,,
mille ,6,404,17,12,6868,2424,,,
italienne ,10,404,36,20,14544,4040,,,
suffit ,7,403,29,14,11687,2821,,,
alimentation ,13,403,48,26,19344,5239,,,
george ,7,403,27,14,10881,2821,,,
portes ,7,403,28,14,11284,2821,,,
dame ,5,403,13,10,5239,2015,,,
peche ,6,403,19,12,7657,2418,,,
puissant ,9,402,34,18,13668,3618,,,
reaction ,9,401,40,18,16040,3609,,,
devrait ,8,401,26,16,10426,3208,,,
hongrie ,8,401,30,16,12030,3208,,,
cent ,5,401,19,10,7619,2005,,,
cherche ,8,401,22,16,8822,3208,,,
conseils ,9,401,30,18,12030,3609,,,
flotte ,7,401,27,14,10827,2807,,,
affaire ,8,399,27,16,10773,3192,,,
titres ,7,399,26,14,10374,2793,,,
martin ,7,399,28,14,11172,2793,,,
echange ,8,399,25,16,9975,3192,,,
carbone ,8,399,29,16,11571,3192,,,
envers ,7,398,27,14,10746,2786,,,
domination ,11,398,37,22,14726,4378,,,
tome ,5,397,21,10,8337,1985,,,
relief ,7,397,25,14,9925,2779,,,
instrument ,11,397,45,22,17865,4367,,,
augmente ,9,397,38,18,15086,3573,,,
sinon ,6,397,25,12,9925,2382,,,
candidats ,10,397,32,20,12704,3970,,,
concerne ,9,397,29,18,11513,3573,,,
caractere ,10,396,39,20,15444,3960,,,
endroits ,9,396,34,18,13464,3564,,,
attendre ,9,395,32,18,12640,3555,,,
spectacle ,10,395,32,20,12640,3950,,,
vecu ,5,395,21,10,8295,1975,,,
princesse ,10,395,35,20,13825,3950,,,
souris ,7,395,33,14,13035,2765,,,
portent ,8,394,34,16,13396,3152,,,
augmentation ,13,394,53,26,20882,5122,,,
berlin ,7,394,28,14,11032,2758,,,
maritime ,9,394,30,18,11820,3546,,,
definitivement ,15,394,52,30,20488,5910,,,
impossible ,11,393,38,22,14934,4323,,,
sociaux ,8,393,31,16,12183,3144,,,
completement ,13,393,48,26,18864,5109,,,
opera ,6,393,26,12,10218,2358,,,
vetements ,10,393,42,20,16506,3930,,,
seigneurs ,10,393,39,20,15327,3930,,,
medecin ,8,393,25,16,9825,3144,,,
materiel ,9,393,31,18,12183,3537,,,
caracteristiques ,17,393,62,34,24366,6681,,,
roches ,7,393,26,14,10218,2751,,,
christ ,7,392,28,14,10976,2744,,,
avais ,6,392,24,12,9408,2352,,,
evenement ,10,392,42,20,16464,3920,,,
attaques ,9,392,36,18,14112,3528,,,
comte ,6,392,20,12,7840,2352,,,
courte ,7,392,28,14,10976,2744,,,
turcs ,6,391,25,12,9775,2346,,,
bible ,6,391,24,12,9384,2346,,,
predateurs ,11,391,37,22,14467,4301,,,
gout ,5,391,26,10,10166,1955,,,
voulait ,8,391,31,16,12121,3128,,,
element ,8,391,29,16,11339,3128,,,
changement ,11,390,35,22,13650,4290,,,
reseaux ,8,390,34,16,13260,3120,,,
categories ,11,390,46,22,17940,4290,,,
fera ,5,390,18,10,7020,1950,,,
midi ,5,389,17,10,6613,1945,,,
willy ,6,389,26,12,10114,2334,,,
cercle ,7,389,21,14,8169,2723,,,
rose ,5,389,24,10,9336,1945,,,
nommee ,7,388,31,14,12028,2716,,,
ours ,5,388,22,10,8536,1940,,,
peninsule ,10,388,38,20,14744,3880,,,
christianisme ,14,388,48,28,18624,5432,,,
prisonniers ,12,388,43,24,16684,4656,,,
garder ,7,387,24,14,9288,2709,,,
adresse ,8,387,29,16,11223,3096,,,
suivi ,6,387,26,12,10062,2322,,,
solution ,9,387,38,18,14706,3483,,,
morte ,6,386,23,12,8878,2316,,,
note ,5,386,24,10,9264,1930,,,
rock ,5,385,22,10,8470,1925,,,
garcons ,8,385,37,16,14245,3080,,,
rive ,5,385,22,10,8470,1925,,,
morceaux ,9,385,33,18,12705,3465,,,
cinquieme ,10,384,37,20,14208,3840,,,
organise ,9,384,35,18,13440,3456,,,
inspire ,8,384,30,16,11520,3072,,,
chant ,6,384,21,12,8064,2304,,,
matieres ,9,383,35,18,13405,3447,,,
nations ,8,383,36,16,13788,3064,,,
telle ,6,383,20,12,7660,2298,,,
absence ,8,382,28,16,10696,3056,,,
hauts ,6,382,27,12,10314,2292,,,
certaine ,9,382,29,18,11078,3438,,,
disparition ,12,382,41,24,15662,4584,,,
graines ,8,382,31,16,11842,3056,,,
acteur ,7,381,27,14,10287,2667,,,
gagne ,6,381,22,12,8382,2286,,,
monuments ,10,381,39,20,14859,3810,,,
diametre ,9,381,30,18,11430,3429,,,
orleans ,8,381,35,16,13335,3048,,,
connues ,8,381,31,16,11811,3048,,,
limite ,7,381,22,14,8382,2667,,,
reference ,10,380,40,20,15200,3800,,,
alphabet ,9,380,31,18,11780,3420,,,
reprendre ,10,380,37,20,14060,3800,,,
offre ,6,380,23,12,8740,2280,,,
commencent ,11,380,37,22,14060,4180,,,
elevage ,8,380,28,16,10640,3040,,,
memoire ,8,380,26,16,9880,3040,,,
web ,4,380,18,8,6840,1520,,,
archipel ,9,380,33,18,12540,3420,,,
capables ,9,379,30,18,11370,3411,,,
chretienne ,11,379,38,22,14402,4169,,,
representent ,13,379,59,26,22361,4927,,,
bacteries ,10,379,34,20,12886,3790,,,
israel ,7,379,26,14,9854,2653,,,
republicains ,13,379,47,26,17813,4927,,,
cycle ,6,378,20,12,7560,2268,,,
savant ,7,378,29,14,10962,2646,,,
revenir ,8,378,33,16,12474,3024,,,
visible ,8,378,26,16,9828,3024,,,
redaction ,10,378,42,20,15876,3780,,,
occupation ,11,378,41,22,15498,4158,,,
propriete ,10,377,37,20,13949,3770,,,
visite ,7,377,26,14,9802,2639,,,
vii ,4,377,17,8,6409,1508,,,
issue ,6,377,22,12,8294,2262,,,
vaut ,5,377,24,10,9048,1885,,,
pousse ,7,377,27,14,10179,2639,,,
transports ,11,377,44,22,16588,4147,,,
evenements ,11,376,46,22,17296,4136,,,
messages ,9,376,29,18,10904,3384,,,
devaient ,9,376,28,18,10528,3384,,,
accepte ,8,376,26,16,9776,3008,,,
ressources ,11,376,42,22,15792,4136,,,
echelle ,8,376,21,16,7896,3008,,,
capacite ,9,376,30,18,11280,3384,,,
camps ,6,376,22,12,8272,2256,,,
revenus ,8,375,35,16,13125,3000,,,
chacune ,8,375,26,16,9750,3000,,,
invente ,8,375,34,16,12750,3000,,,
colonie ,8,375,28,16,10500,3000,,,
utile ,6,375,20,12,7500,2250,,,
tourne ,7,375,29,14,10875,2625,,,
chimique ,9,375,29,18,10875,3375,,,
malade ,7,374,20,14,7480,2618,,,
auparavant ,11,374,45,22,16830,4114,,,
douze ,6,374,21,12,7854,2244,,,
windows ,8,373,34,16,12682,2984,,,
frederic ,9,373,31,18,11563,3357,,,
quitter ,8,372,31,16,11532,2976,,,
flandre ,8,372,29,16,10788,2976,,,
arabes ,7,372,26,14,9672,2604,,,
echec ,6,372,15,12,5580,2232,,,
croissance ,11,372,36,22,13392,4092,,,
bronze ,7,372,28,14,10416,2604,,,
vide ,5,371,18,10,6678,1855,,,
patrimoine ,11,371,37,22,13727,4081,,,
invasion ,9,371,36,18,13356,3339,,,
observer ,9,371,35,18,12985,3339,,,
buts ,5,371,23,10,8533,1855,,,
nez ,4,371,21,8,7791,1484,,,
drapeau ,8,371,25,16,9275,2968,,,
participe ,10,370,32,20,11840,3700,,,
wikipedia ,10,370,36,20,13320,3700,,,
duche ,6,370,17,12,6290,2220,,,
violence ,9,369,32,18,11808,3321,,,
voitures ,9,369,36,18,13284,3321,,,
parle ,6,369,18,12,6642,2214,,,
fruit ,6,369,24,12,8856,2214,,,
auraient ,9,369,35,18,12915,3321,,,
regle ,6,369,26,12,9594,2214,,,
lycee ,6,369,24,12,8856,2214,,,
periodes ,9,369,32,18,11808,3321,,,
disponible ,11,368,34,22,12512,4048,,,
roche ,6,368,22,12,8096,2208,,,
attaquer ,9,368,37,18,13616,3312,,,
traverse ,9,368,34,18,12512,3312,,,
presenter ,10,368,42,20,15456,3680,,,
projets ,8,368,28,16,10304,2944,,,
depend ,7,367,22,14,8074,2569,,,
tenir ,6,367,24,12,8808,2202,,,
envoye ,7,367,28,14,10276,2569,,,
directeur ,10,367,32,20,11744,3670,,,
lion ,5,367,19,10,6973,1835,,,
capitaine ,10,367,37,20,13579,3670,,,
complexe ,9,367,29,18,10643,3303,,,
expliquer ,10,366,38,20,13908,3660,,,
differente ,11,366,39,22,14274,4026,,,
mourir ,7,366,26,14,9516,2562,,,
revolte ,8,366,37,16,13542,2928,,,
generaux ,9,366,38,18,13908,3294,,,
marseille ,10,366,32,20,11712,3660,,,
discours ,9,365,30,18,10950,3285,,,
reduire ,8,365,33,16,12045,2920,,,
arriver ,8,365,31,16,11315,2920,,,
tellement ,10,365,34,20,12410,3650,,,
economiques ,12,365,44,24,16060,4380,,,
echapper ,9,365,34,18,12410,3285,,,
populaires ,11,365,41,22,14965,4015,,,
artiste ,8,365,32,16,11680,2920,,,
petrole ,8,365,29,16,10585,2920,,,
representants ,14,365,64,28,23360,5110,,,
contributions ,14,365,53,28,19345,5110,,,
hautes ,7,364,29,14,10556,2548,,,
www ,4,364,22,8,8008,1456,,,
james ,6,364,22,12,8008,2184,,,
million ,8,363,26,16,9438,2904,,,
utilisant ,10,363,36,20,13068,3630,,,
normalement ,12,363,45,24,16335,4356,,,
dizaines ,9,363,30,18,10890,3267,,,
quartiers ,10,363,40,20,14520,3630,,,
georges ,8,362,31,16,11222,2896,,,
organiser ,10,362,39,20,14118,3620,,,
euro ,5,362,20,10,7240,1810,,,
primaire ,9,362,27,18,9774,3258,,,
peintre ,8,362,31,16,11222,2896,,,
cap ,4,362,17,8,6154,1448,,,
bonnes ,7,362,28,14,10136,2534,,,
sauver ,7,361,30,14,10830,2527,,,
anniversaire ,13,361,48,26,17328,4693,,,
difficiles ,11,361,31,22,11191,3971,,,
arrivent ,9,361,37,18,13357,3249,,,
bouche ,7,361,26,14,9386,2527,,,
pate ,5,361,16,10,5776,1805,,,
modernes ,9,361,29,18,10469,3249,,,
vin ,4,361,18,8,6498,1444,,,
antoine ,8,361,31,16,11191,2888,,,
sicile ,7,361,27,14,9747,2527,,,
coreen ,7,361,25,14,9025,2527,,,
crees ,6,360,23,12,8280,2160,,,
social ,7,360,24,14,8640,2520,,,
sel ,4,360,16,8,5760,1440,,,
decrit ,7,360,22,14,7920,2520,,,
sommes ,7,360,28,14,10080,2520,,,
modifications ,14,360,44,28,15840,5040,,,
journaliste ,12,359,45,24,16155,4308,,,
accueil ,8,359,26,16,9334,2872,,,
champ ,6,359,19,12,6821,2154,,,
civilisation ,13,359,47,26,16873,4667,,,
ceremonie ,10,358,36,20,12888,3580,,,
necessaires ,12,358,44,24,15752,4296,,,
residence ,10,358,33,20,11814,3580,,,
byzantin ,9,358,45,18,16110,3222,,,
accueillir ,11,357,38,22,13566,3927,,,
erreur ,7,357,28,14,9996,2499,,,
compter ,8,357,29,16,10353,2856,,,
sultan ,7,357,31,14,11067,2499,,,
viii ,5,357,20,10,7140,1785,,,
architecte ,11,357,40,22,14280,3927,,,
menace ,7,357,18,14,6426,2499,,,
