word;Nb_char (C_w);Freq (F_w);Nb_scan (S_w);Nb_act;S_w x F_w;C_w x F_w;;;
de;2;369294;9;4;3323646;738588;;;
la;2;231160;9;4;2080440;462320;;;
le;2;201192;8;4;1609536;402384;;;
les;3;172027;11;6;1892297;516081;;;
et;2;162818;8;4;1302544;325636;;;
a;1;142169;4;2;568676;142169;;;4,569990785
est;3;139273;11;6;1532003;417819;;;
en;2;131424;7;4;919968;262848;;;
des;3;128016;12;6;1536192;384048;;;
d;1;106690;6;2;640140;106690;;;
un;2;98321;9;4;884889;196642;;;
il;2;86530;9;4;778770;173060;;;
du;2;81566;11;4;897226;163132;;;
une;3;77779;12;6;933348;233337;;;
qui;3;63007;16;6;1008112;189021;;;
dans;4;62106;17;8;1055802;248424;;;
pour;4;59206;22;8;1302532;236824;;;
par;3;55637;15;6;834555;166911;;;
au;2;46340;9;4;417060;92680;;;
que;3;45724;15;6;685860;137172;;;
plus;4;41215;19;8;783085;164860;;;
sont;4;40154;18;8;722772;160616;;;
se;2;35559;6;4;213354;71118;;;
c;1;34853;6;2;209118;34853;;;
sur;3;34442;13;6;447746;103326;;;
ou;2;31878;11;4;350658;63756;;;
on;2;30509;10;4;305090;61018;;;
son;3;30237;13;6;393081;90711;;;
pas;3;29643;13;6;385359;88929;;;
ce;2;29011;9;4;261099;58022;;;
s;1;28036;3;2;84108;28036;;;
elle;4;27267;16;8;436272;109068;;;
avec;4;26472;20;8;529440;105888;;;
qu;2;25763;12;4;309156;51526;;;
mais;4;25550;17;8;434350;102200;;;
ne;2;24536;7;4;171752;49072;;;
comme;5;22075;27;10;596025;110375;;;
n;1;21546;4;2;86184;21546;;;
sa;2;18696;7;4;130872;37392;;;
ils;3;17444;12;6;209328;52332;;;
ont;3;17423;15;6;261345;52269;;;
ete;3;17041;11;6;187451;51123;;;
y;1;16352;8;2;130816;16352;;;
aux;3;16302;17;6;277134;48906;;;
tres;4;16228;16;8;259648;64912;;;
aussi;5;15694;19;10;298186;78470;;;
ses;3;15661;9;6;140949;46983;;;
cette;5;15351;22;10;337722;76755;;;
fait;4;14532;20;8;290640;58128;;;
peut;4;13949;19;8;265031;55796;;;
leur;4;13586;18;8;244548;54344;;;
deux;4;13274;22;8;292028;53096;;;
etre;4;13146;16;8;210336;52584;;;
meme;4;12315;18;8;221670;49260;;;
etait;5;11616;21;10;243936;58080;;;
entre;5;11581;20;10;231620;57905;;;
je;2;11517;11;4;126687;23034;;;
france;6;10672;29;12;309488;64032;;;
apres;5;10577;21;10;222117;52885;;;
autres;6;10414;25;12;260350;62484;;;
pays;4;10308;21;8;216468;41232;;;
ces;3;10300;12;6;123600;30900;;;
ans;3;10179;11;6;111969;30537;;;
lui;3;10160;14;6;142240;30480;;;
o;1;9817;6;2;58902;9817;;;
alors;5;9631;23;10;221513;48155;;;
faire;5;9379;23;10;215717;46895;;;
si;2;9322;7;4;65254;18644;;;
tout;4;9271;21;8;194691;37084;;;
j;1;9028;8;2;72224;9028;;;
bien;4;8969;18;8;161442;35876;;;
donc;4;8648;22;8;190256;34592;;;
ville;5;8242;24;10;197808;41210;;;
sous;4;8064;17;8;137088;32256;;;
monde;5;7979;25;10;199475;39895;;;
roi;3;7628;15;6;114420;22884;;;
nom;3;7508;16;6;120128;22524;;;
guerre;6;7165;28;12;200620;42990;;;
siecle;6;7152;24;12;171648;42912;;;
tous;4;7150;19;8;135850;28600;;;
partie;6;7136;27;12;192672;42816;;;
plusieurs;9;6946;39;18;270894;62514;;;
depuis;6;6924;27;12;186948;41544;;;
dont;4;6896;21;8;144816;27584;;;
contre;6;6824;29;12;197896;40944;;;
beaucoup;8;6674;42;16;280308;53392;;;
ainsi;5;6582;19;10;125058;32910;;;
leurs;5;6562;21;10;137802;32810;;;
pendant;7;6537;32;14;209184;45759;;;
puis;4;6508;18;8;117144;26032;;;
grand;5;6287;26;10;163462;31435;;;
car;3;6265;15;6;93975;18795;;;
peu;3;6180;14;6;86520;18540;;;
avoir;5;6113;26;10;158938;30565;;;
grande;6;6074;29;12;176146;36444;;;
t;1;6042;5;2;30210;6042;;;
tu;2;5996;10;4;59960;11992;;;
egalement;9;5973;40;18;238920;53757;;;
sans;4;5962;14;8;83468;23848;;;
nord;4;5949;21;8;124929;23796;;;
sud;3;5944;14;6;83216;17832;;;
souvent;7;5906;33;14;194898;41342;;;
francais;8;5880;37;16;217560;47040;;;
avant;5;5756;24;10;138144;28780;;;
exemple;7;5715;34;14;194310;40005;;;
cela;4;5619;18;8;101142;22476;;;
encore;6;5618;27;12;151686;33708;;;
jusqu;5;5599;28;10;156772;27995;;;
fois;4;5568;20;8;111360;22272;;;
temps;5;5539;23;10;127397;27695;;;
eau;3;5501;12;6;66012;16503;;;
premier;7;5399;32;14;172768;37793;;;
elles;5;5315;19;10;100985;26575;;;
nous;4;5290;18;8;95220;21160;;;
vers;4;5257;18;8;94626;21028;;;
dire;4;5243;18;8;94374;20972;;;
autre;5;5155;22;10;113410;25775;;;
vie;3;5033;14;6;70462;15099;;;
mort;4;5033;22;8;110726;20132;;;
trois;5;4965;23;10;114195;24825;;;
avait;5;4938;24;10;118512;24690;;;
m;1;4929;6;2;29574;4929;;;
premiere;8;4885;35;16;170975;39080;;;
moins;5;4855;23;10;111665;24275;;;
certains;8;4815;34;16;163710;38520;;;
annees;6;4804;21;12;100884;28824;;;
cet;3;4792;14;6;67088;14376;;;
peuvent;7;4739;33;14;156387;33173;;;
paris;5;4580;22;10;100760;22900;;;
fin;3;4441;15;6;66615;13323;;;
quand;5;4420;26;10;114920;22100;;;
personnes;9;4306;37;18;159322;38754;;;
vous;4;4254;21;8;89334;17016;;;
etaient;7;4244;28;14;118832;29708;;;
lieu;4;4206;17;8;71502;16824;;;
ai;2;4152;8;4;33216;8304;;;
doit;4;4141;21;8;86961;16564;;;
terre;5;4134;21;10;86814;20670;;;
trouve;6;4133;31;12;128123;24798;;;
etat;4;4129;17;8;70193;16516;;;
e;1;4058;3;2;12174;4058;;;
faut;4;4051;21;8;85071;16204;;;
nombreux;8;4048;44;16;178112;32384;;;
soit;4;4037;18;8;72666;16148;;;
vikidia;7;4014;38;14;152532;28098;;;
quelques;8;4005;38;16;152190;32040;;;
chaque;6;4001;33;12;132033;24006;;;
annee;5;3983;18;10;71694;19915;;;
europe;6;3982;28;12;111496;23892;;;
environ;7;3972;33;14;131076;27804;;;
non;3;3971;14;6;55594;11913;;;
devient;7;3965;32;14;126880;27755;;;
fut;3;3909;17;6;66453;11727;;;
saint;5;3907;20;10;78140;19535;;;
enfants;7;3894;30;14;116820;27258;;;
existe;6;3881;26;12;100906;23286;;;
etats;5;3856;20;10;77120;19280;;;
celui;5;3828;23;10;88044;19140;;;
selon;5;3821;21;10;80241;19105;;;
cas;3;3800;13;6;49400;11400;;;
ci;2;3762;10;4;37620;7524;;;
pouvoir;7;3692;39;14;143988;25844;;;
famille;7;3687;34;14;125358;25809;;;
forme;5;3674;27;10;99198;18370;;;
lors;4;3644;19;8;69236;14576;;;
fils;4;3609;19;8;68571;14436;;;
va;2;3583;11;4;39413;7166;;;
empire;6;3559;27;12;96093;21354;;;
place;5;3539;24;10;84936;17695;;;
nombre;6;3534;31;12;109554;21204;;;
partir;6;3507;29;12;101703;21042;;;
francaise;9;3506;40;18;140240;31554;;;
hui;3;3495;17;6;59415;10485;;;
aujourd;7;3487;39;14;135993;24409;;;
permet;6;3471;28;12;97188;20826;;;
histoire;8;3413;38;16;129694;27304;;;
toutes;6;3380;27;12;91260;20280;;;
notamment;9;3369;43;18;144867;30321;;;
mer;3;3366;14;6;47124;10098;;;
royaume;7;3360;37;14;124320;23520;;;
jours;5;3343;27;10;90261;16715;;;
grace;5;3343;25;10;83575;16715;;;
habitants;9;3290;44;18;144760;29610;;;
cours;5;3260;25;10;81500;16300;;;
jour;4;3258;24;8;78192;13032;;;
me;2;3237;9;4;29133;6474;;;
homme;5;3232;29;10;93728;16160;;;
armee;5;3220;21;10;67620;16100;;;
toujours;8;3200;43;16;137600;25600;;;
petit;5;3191;23;10;73393;15955;;;
region;6;3179;29;12;92191;19074;;;
unis;4;3165;16;8;50640;12660;;;
celle;5;3159;22;10;69498;15795;;;
discussion;10;3156;44;20;138864;31560;;;
pres;4;3147;17;8;53499;12588;;;
h;1;3115;8;2;24920;3115;;;
sera;4;3114;15;8;46710;12456;;;
politique;9;3111;45;18;139995;27999;;;
km;2;3101;15;4;46515;6202;;;
surtout;7;3087;34;14;104958;21609;;;
ne;2;3058;7;4;21406;6116;;;
epoque;6;3047;30;12;91410;18282;;;
effet;5;3043;25;10;76075;15215;;;
gouvernement;12;3037;58;24;176146;36444;;;
animaux;7;3033;35;14;106155;21231;;;
debut;5;3019;26;10;78494;15095;;;
cependant;9;3018;41;18;123738;27162;;;
ouest;5;2997;22;10;65934;14985;;;
mars;4;2986;18;8;53748;11944;;;
age;3;2958;14;6;41412;8874;;;
louis;5;2947;23;10;67781;14735;;;
mai;3;2914;14;6;40796;8742;;;
toute;5;2905;24;10;69720;14525;;;
afin;4;2886;19;8;54834;11544;;;
population;10;2880;51;20;146880;28800;;;
compte;6;2868;32;12;91776;17208;;;
pere;4;2868;17;8;48756;11472;;;
te;2;2851;8;4;22808;5702;;;
juin;4;2850;21;8;59850;11400;;;
hommes;6;2849;32;12;91168;17094;;;
eux;3;2837;16;6;45392;8511;;;
president;9;2820;39;18;109980;25380;;;
voir;4;2805;22;8;61710;11220;;;
mois;4;2804;19;8;53276;11216;;;
suite;5;2791;20;10;55820;13955;;;
nombreuses;10;2788;45;20;125460;27880;;;
nouveau;7;2785;34;14;94690;19495;;;
corps;5;2756;26;10;71656;13780;;;
parfois;7;2751;35;14;96285;19257;;;
octobre;7;2732;38;14;103816;19124;;;
ile;3;2730;12;6;32760;8190;;;
cest;4;2727;17;8;46359;10908;;;
ceux;4;2718;22;8;59796;10872;;;
millions;8;2717;37;16;100529;21736;;;
groupe;6;2712;32;12;86784;16272;;;
republique;10;2712;50;20;135600;27120;;;
pourquoi;8;2711;44;16;119284;21688;;;
certaines;9;2701;37;18;99937;24309;;;
dit;3;2699;15;6;40485;8097;;;
janvier;7;2682;35;14;93870;18774;;;
reste;5;2673;19;10;50787;13365;;;
septembre;9;2648;41;18;108568;23832;;;
nouvelle;8;2641;38;16;100358;21128;;;
grands;6;2632;29;12;76328;15792;;;
des;3;2626;12;6;31512;7878;;;
trop;4;2618;22;8;57596;10472;;;
ensuite;7;2614;27;14;70578;18298;;;
personne;8;2608;34;16;88672;20864;;;
chez;4;2602;26;8;67652;10408;;;
quatre;6;2587;29;12;75023;15522;;;
origine;7;2580;33;14;85140;18060;;;
la;2;2559;9;4;23031;5118;;;
r;1;2550;5;2;12750;2550;;;
allemagne;9;2546;41;18;104386;22914;;;
empereur;8;2519;36;16;90684;20152;;;
article;7;2515;32;14;80480;17605;;;
appelle;7;2496;32;14;79872;17472;;;
general;7;2495;31;14;77345;17465;;;
eu;2;2492;8;4;19936;4984;;;
b;1;2477;7;2;17339;2477;;;
font;4;2476;22;8;54472;9904;;;
jeu;3;2464;16;6;39424;7392;;;
juillet;7;2463;35;14;86205;17241;;;
avril;5;2456;25;10;61400;12280;;;
deja;4;2443;21;8;51303;9772;;;
ca;2;2400;10;4;24000;4800;;;
suis;4;2398;15;8;35970;9592;;;
capitale;8;2393;37;16;88541;19144;;;
centre;6;2340;26;12;60840;14040;;;
petits;6;2331;26;12;60606;13986;;;
veut;4;2329;20;8;46580;9316;;;
tard;4;2312;20;8;46240;9248;;;
anglais;7;2305;31;14;71455;16135;;;
site;4;2292;15;8;34380;9168;;;
tour;4;2290;21;8;48090;9160;;;
ii;2;2284;8;4;18272;4568;;;
droit;5;2280;26;10;59280;11400;;;
etant;5;2271;21;10;47691;11355;;;
dernier;7;2256;30;14;67680;15792;;;
ensemble;8;2216;34;16;75344;17728;;;
especes;7;2215;27;14;59805;15505;;;
decembre;8;2210;39;16;86190;17680;;;
novembre;8;2205;41;16;90405;17640;;;
seul;4;2202;16;8;35232;8808;;;
fevrier;7;2200;34;14;74800;15400;;;
point;5;2188;25;10;54700;10940;;;
langue;6;2188;28;12;61264;13128;;;
aout;4;2187;20;8;43740;8748;;;
italie;6;2185;25;12;54625;13110;;;
jean;4;2183;19;8;41477;8732;;;
notre;5;2171;23;10;49933;10855;;;
travail;7;2169;34;14;73746;15183;;;
grandes;7;2166;32;14;69312;15162;;;
merci;5;2152;24;10;51648;10760;;;
assez;5;2145;22;10;47190;10725;;;
or;2;2133;11;4;23463;4266;;;
ecole;5;2132;23;10;49036;10660;;;
systeme;7;2124;31;14;65844;14868;;;
serie;5;2116;18;10;38088;10580;;;
long;4;2098;22;8;46156;8392;;;
moyen;5;2080;27;10;56160;10400;;;
parti;5;2070;24;10;49680;10350;;;
mere;4;2070;17;8;35190;8280;;;
ier;3;2068;12;6;24816;6204;;;
periode;7;2062;33;14;68046;14434;;;
durant;6;2057;29;12;59653;12342;;;
agit;4;2050;20;8;41000;8200;;;
differentes;11;2044;50;22;102200;22484;;;
ayant;5;2034;25;10;50850;10170;;;
jeux;4;2020;24;8;48480;8080;;;
bonjour;7;2017;41;14;82697;14119;;;
afrique;7;2003;35;14;70105;14021;;;
chef;4;1984;24;8;47616;7936;;;
autour;6;1982;30;12;59460;11892;;;
differents;10;1973;47;20;92731;19730;;;
generalement;12;1972;52;24;102544;23664;;;
x;1;1968;8;2;15744;1968;;;
page;4;1967;20;8;39340;7868;;;
charles;7;1966;34;14;66844;13762;;;
plupart;7;1963;36;14;70668;13741;;;
doivent;7;1962;35;14;68670;13734;;;
jeune;5;1960;23;10;45080;9800;;;
tete;4;1958;16;8;31328;7832;;;
mondiale;8;1955;38;16;74290;15640;;;
villes;6;1953;27;12;52731;11718;;;
rome;4;1953;20;8;39060;7812;;;
mot;3;1952;17;6;33184;5856;;;
part;4;1952;20;8;39040;7808;;;
seconde;7;1952;31;14;60512;13664;;;
petite;6;1943;26;12;50518;11658;;;
metres;6;1935;25;12;48375;11610;;;
dieu;4;1929;18;8;34722;7716;;;
femmes;6;1924;28;12;53872;11544;;;
face;4;1923;20;8;38460;7692;;;
belgique;8;1890;41;16;77490;15120;;;
cause;5;1889;21;10;39669;9445;;;
musique;7;1888;33;14;62304;13216;;;
situee;6;1886;23;12;43378;11316;;;
jeunes;6;1876;26;12;48776;11256;;;
ur;2;1868;10;4;18680;3736;;;
haut;4;1865;22;8;41030;7460;;;
appele;6;1865;27;12;50355;11190;;;
aide;4;1865;17;8;31705;7460;;;
donne;5;1856;23;10;42688;9280;;;
pierre;6;1848;26;12;48048;11088;;;
av;2;1848;11;4;20328;3696;;;
ancien;6;1846;25;12;46150;11076;;;
moment;6;1846;30;12;55380;11076;;;
equipe;6;1831;28;12;51268;10986;;;
ailleurs;8;1828;34;16;62152;14624;;;
russie;6;1827;23;12;42021;10962;;;
important;9;1822;45;18;81990;16398;;;
soleil;6;1816;26;12;47216;10896;;;
regions;7;1815;32;14;58080;12705;;;
utilise;7;1811;29;14;52519;12677;;;
avaient;7;1802;31;14;55862;12614;;;
deuxieme;8;1801;38;16;68438;14408;;;
connu;5;1801;25;10;45025;9005;;;
jamais;6;1789;29;12;51881;10734;;;
parmi;5;1784;25;10;44600;8920;;;
mon;3;1783;16;6;28528;5349;;;
lorsque;7;1780;34;14;60520;12460;;;
ordre;5;1778;25;10;44450;8890;;;
passe;5;1778;19;10;33782;8890;;;
etc;3;1773;14;6;24822;5319;;;
comment;7;1762;36;14;63432;12334;;;
espagne;7;1757;30;14;52710;12299;;;
fille;5;1751;24;10;42024;8755;;;
film;4;1741;22;8;38302;6964;;;
bois;4;1738;20;8;34760;6952;;;
possible;8;1735;37;16;64195;13880;;;
particulier;11;1721;52;22;89492;18931;;;
an;2;1718;8;4;13744;3436;;;
ecrit;5;1706;23;10;39238;8530;;;
angleterre;10;1703;44;20;74932;17030;;;
vient;5;1702;23;10;39146;8510;;;
donne;5;1702;23;10;39146;8510;;;
premiers;8;1700;35;16;59500;13600;;;
niveau;6;1697;27;12;45819;10182;;;
articles;8;1696;35;16;59360;13568;;;
but;3;1691;17;6;28747;5073;;;
bas;3;1688;14;6;23632;5064;;;
territoire;10;1682;45;20;75690;16820;;;
mettre;6;1681;27;12;45387;10086;;;
lorsqu;6;1672;31;12;51832;10032;;;
prend;5;1669;24;10;40056;8345;;;
vit;3;1667;16;6;26672;5001;;;
amerique;8;1666;37;16;61642;13328;;;
titre;5;1663;22;10;36586;8315;;;
membres;7;1656;33;14;54648;11592;;;
prix;4;1650;23;8;37950;6600;;;
hiver;5;1647;27;10;44469;8235;;;
demande;7;1646;32;14;52672;11522;;;
contr;5;1644;26;10;42744;8220;;;
femme;5;1644;25;10;41100;8220;;;
commence;8;1642;40;16;65680;13136;;;
cree;4;1640;17;8;27880;6560;;;
eglise;6;1639;25;12;40975;9834;;;
seulement;9;1635;37;18;60495;14715;;;
vont;4;1633;22;8;35926;6532;;;
te;2;1632;8;4;13056;3264;;;
parce;5;1623;24;10;38952;8115;;;
revolution;10;1603;50;20;80150;16030;;;
bon;3;1598;17;6;27166;4794;;;
parents;7;1592;30;14;47760;11144;;;
lumiere;7;1590;31;14;49290;11130;;;
porte;5;1589;25;10;39725;7945;;;
question;8;1576;37;16;58312;12608;;;
aurait;6;1573;27;12;42471;9438;;;
cinq;4;1571;21;8;32991;6284;;;
possede;7;1566;30;14;46980;10962;;;
college;7;1563;35;14;54705;10941;;;
prendre;7;1559;32;14;49888;10913;;;
fonction;8;1557;42;16;65394;12456;;;
rouge;5;1555;26;10;40430;7775;;;
the;3;1555;16;6;24880;4665;;;
mouvement;9;1548;45;18;69660;13932;;;
tes;3;1546;11;6;17006;4638;;;
seule;5;1543;19;10;29317;7715;;;
departement;11;1543;50;22;77150;16973;;;
couleur;7;1539;35;14;53865;10773;;;
ministre;8;1533;34;16;52122;12264;;;
ligne;5;1530;23;10;35190;7650;;;
devant;6;1516;29;12;43964;9096;;;
romain;6;1513;29;12;43877;9078;;;
succes;6;1507;26;12;39182;9042;;;
mieux;5;1505;26;10;39130;7525;;;
militaire;9;1503;40;18;60120;13527;;;
creer;5;1501;22;10;33022;7505;;;
moi;3;1495;16;6;23920;4485;;;
bonne;5;1488;24;10;35712;7440;;;
mis;3;1487;13;6;19331;4461;;;
chine;5;1487;25;10;37175;7435;;;
abord;5;1486;28;10;41608;7430;;;
savoir;6;1484;29;12;43036;8904;;;
mesure;6;1482;25;12;37050;8892;;;
taille;6;1481;26;12;38506;8886;;;
serait;6;1481;24;12;35544;8886;;;
air;3;1477;13;6;19201;4431;;;
situe;5;1475;20;10;29500;7375;;;
ni;2;1475;8;4;11800;2950;;;
nos;3;1475;13;6;19175;4425;;;
bataille;8;1475;37;16;54575;11800;;;
malgre;6;1474;30;12;44220;8844;;;
milieu;6;1469;27;12;39663;8814;;;
met;3;1457;14;6;20398;4371;;;
raison;6;1455;26;12;37830;8730;;;
mal;3;1455;15;6;21825;4365;;;
donner;6;1447;28;12;40516;8682;;;
union;5;1446;23;10;33258;7230;;;
enfant;6;1441;27;12;38907;8646;;;
produit;7;1440;37;14;53280;10080;;;
animal;6;1440;27;12;38880;8640;;;
trouver;7;1435;36;14;51660;10045;;;
sol;3;1432;14;6;20048;4296;;;
theatre;7;1429;33;14;47157;10003;;;
aller;5;1429;22;10;31438;7145;;;
rien;4;1428;16;8;22848;5712;;;
type;4;1422;22;8;31284;5688;;;
maison;6;1420;27;12;38340;8520;;;
livre;5;1420;24;10;34080;7100;;;
ma;2;1407;10;4;14070;2814;;;
energie;7;1406;29;14;40774;9842;;;
vu;2;1405;12;4;16860;2810;;;
soldats;7;1403;32;14;44896;9821;;;
palais;6;1403;26;12;36478;8418;;;
napoleon;8;1401;38;16;53238;11208;;;
frere;5;1398;23;10;32154;6990;;;
commune;7;1391;36;14;50076;9737;;;
importante;10;1389;48;20;66672;13890;;;
espace;6;1386;25;12;34650;8316;;;
celebre;7;1382;32;14;44224;9674;;;
loi;3;1381;15;6;20715;4143;;;
chateau;7;1380;35;14;48300;9660;;;
as;2;1378;7;4;9646;2756;;;
base;4;1373;17;8;23341;5492;;;
meurt;5;1373;24;10;32952;6865;;;
parle;5;1367;23;10;31441;6835;;;
gens;4;1366;17;8;23222;5464;;;
art;3;1365;14;6;19110;4095;;;
plut;4;1362;21;8;28602;5448;;;
marie;5;1352;22;10;29744;6760;;;
films;5;1348;25;10;33700;6740;;;
argent;6;1343;28;12;37604;8058;;;
droite;6;1342;29;12;38918;8052;;;
mes;3;1342;12;6;16104;4026;;;
ados;4;1341;19;8;25479;5364;;;
ici;3;1341;14;6;18774;4023;;;
devenir;7;1339;32;14;42848;9373;;;
chose;5;1332;26;10;34632;6660;;;
besoin;6;1330;27;12;35910;7980;;;
appelee;7;1327;30;14;39810;9289;;;
principalement;14;1325;65;28;86125;18550;;;
romains;7;1322;32;14;42304;9254;;;
longtemps;9;1318;45;18;59310;11862;;;
seront;6;1318;26;12;34268;7908;;;
coree;5;1315;23;10;30245;6575;;;
scientifique;12;1315;55;24;72325;15780;;;
espece;6;1314;24;12;31536;7884;;;
heures;6;1313;27;12;35451;7878;;;
laquelle;8;1310;37;16;48470;10480;;;
troisieme;9;1310;39;18;51090;11790;;;
uvre;4;1310;20;8;26200;5240;;;
rapidement;10;1307;46;20;60122;13070;;;
enfin;5;1303;22;10;28666;6515;;;
force;5;1302;27;10;35154;6510;;;
conseil;7;1301;31;14;40331;9107;;;
proche;6;1300;34;12;44200;7800;;;
duc;3;1299;17;6;22083;3897;;;
nomme;5;1297;25;10;32425;6485;;;
produits;8;1296;40;16;51840;10368;;;
vivent;6;1294;30;12;38820;7764;;;
societe;7;1293;30;14;38790;9051;;;
ton;3;1287;15;6;19305;3861;;;
texte;5;1286;24;10;30864;6430;;;
nationale;9;1279;39;18;49881;11511;;;
presente;8;1277;32;16;40864;10216;;;
plantes;7;1275;30;14;38250;8925;;;
vote;4;1270;21;8;26670;5080;;;
er;2;1267;8;4;10136;2534;;;
idee;4;1263;16;8;20208;5052;;;
allemand;8;1257;37;16;46509;10056;;;
parler;6;1255;28;12;35140;7530;;;
derniere;8;1253;33;16;41349;10024;;;
nouvelles;9;1253;41;18;51373;11277;;;
dessus;6;1252;23;12;28796;7512;;;
nuit;4;1246;18;8;22428;4984;;;
religion;8;1241;38;16;47158;9928;;;
saison;6;1241;24;12;29784;7446;;;
utilise;7;1240;29;14;35960;8680;;;
presque;7;1240;32;14;39680;8680;;;
rapport;7;1239;37;14;45843;8673;;;
public;6;1238;33;12;40854;7428;;;
japon;5;1238;28;10;34664;6190;;;
interieur;9;1238;38;18;47044;11142;;;
peuple;6;1237;28;12;34636;7422;;;
regime;6;1237;28;12;34636;7422;;;
maniere;7;1233;29;14;35757;8631;;;
arrive;6;1231;28;12;34468;7386;;;
reine;5;1229;19;10;23351;6145;;;
super;5;1228;22;10;27016;6140;;;
sert;4;1227;16;8;19632;4908;;;
passer;6;1222;24;12;29328;7332;;;
naissance;9;1222;35;18;42770;10998;;;
pris;4;1221;18;8;21978;4884;;;
plein;5;1213;22;10;26686;6065;;;
politiques;10;1211;48;20;58128;12110;;;
droits;6;1207;29;12;35003;7242;;;
eleves;6;1205;24;12;28920;7230;;;
pape;4;1197;19;8;22743;4788;;;
xixe;4;1193;23;8;27439;4772;;;
simple;6;1192;27;12;32184;7152;;;
tant;4;1191;18;8;21438;4764;;;
asie;4;1186;14;8;16604;4744;;;
latin;5;1185;22;10;26070;5925;;;
surface;7;1185;33;14;39105;8295;;;
autriche;8;1184;40;16;47360;9472;;;
education;9;1183;43;18;50869;10647;;;
europeenne;10;1181;42;20;49602;11810;;;
nouveaux;8;1180;42;16;49560;9440;;;
philippe;8;1180;42;16;49560;9440;;;
regne;5;1180;22;10;25960;5900;;;
sens;4;1178;13;8;15314;4712;;;
noir;4;1172;19;8;22268;4688;;;
points;6;1171;28;12;32788;7026;;;
utiliser;8;1170;34;16;39780;9360;;;
celles;6;1168;25;12;29200;7008;;;
service;7;1166;31;14;36146;8162;;;
memes;5;1164;21;10;24444;5820;;;
uni;3;1162;13;6;15106;3486;;;
iles;4;1162;15;8;17430;4648;;;
situation;9;1161;40;18;46440;10449;;;
construction;12;1161;59;24;68499;13932;;;
petites;7;1159;29;14;33611;8113;;;
projet;6;1157;33;12;38181;6942;;;
gros;4;1156;21;8;24276;4624;;;
signifie;8;1151;36;16;41436;9208;;;
photo;5;1150;31;10;35650;5750;;;
henri;5;1147;24;10;27528;5735;;;
vite;4;1146;19;8;21774;4584;;;
action;6;1145;29;12;33205;6870;;;
displaystyle;12;1139;60;24;68340;13668;;;
gauche;6;1135;33;12;37455;6810;;;
blanc;5;1132;26;10;29432;5660;;;
catholique;10;1129;53;20;59837;11290;;;
russe;5;1125;19;10;21375;5625;;;
musee;5;1124;20;10;22480;5620;;;
facon;5;1123;27;10;30321;5615;;;
americain;9;1123;40;18;44920;10107;;;
club;4;1123;23;8;25829;4492;;;
compose;7;1117;36;14;40212;7819;;;
rencontre;9;1112;41;18;45592;10008;;;
production;10;1112;53;20;58936;11120;;;
date;4;1109;18;8;19962;4436;;;
rendre;6;1109;26;12;28834;6654;;;
conditions;10;1109;48;20;53232;11090;;;
decide;6;1109;28;12;31052;6654;;;
retour;6;1108;29;12;32132;6648;;;
choses;6;1106;29;12;32074;6636;;;
vivre;5;1105;26;10;28730;5525;;;
semaine;7;1101;27;14;29727;7707;;;
coupe;5;1099;26;10;28574;5495;;;
objets;6;1098;32;12;35136;6588;;;
fort;4;1096;23;8;25208;4384;;;
construit;9;1093;43;18;46999;9837;;;
cm;2;1092;12;4;13104;2184;;;
allemands;9;1091;40;18;43640;9819;;;
terme;5;1084;22;10;23848;5420;;;
pu;2;1084;11;4;11924;2168;;;
personnage;10;1078;45;20;48510;10780;;;
grec;4;1078;21;8;22638;4312;;;
culture;7;1078;34;14;36652;7546;;;
creation;8;1077;37;16;39849;8616;;;
main;4;1075;18;8;19350;4300;;;
appeles;7;1073;30;14;32190;7511;;;
voit;4;1067;22;8;23474;4268;;;
ancienne;8;1063;32;16;34016;8504;;;
genre;5;1063;22;10;23386;5315;;;
economique;10;1061;50;20;53050;10610;;;
romaine;7;1061;32;14;33952;7427;;;
aucun;5;1060;24;10;25440;5300;;;
forment;7;1060;36;14;38160;7420;;;
permettent;10;1057;45;20;47565;10570;;;
troupes;7;1056;33;14;34848;7392;;;
juste;5;1056;24;10;25344;5280;;;
zone;4;1055;22;8;23210;4220;;;
mise;4;1055;16;8;16880;4220;;;
printemps;9;1051;42;18;44142;9459;;;
vitesse;7;1050;28;14;29400;7350;;;
majorite;8;1047;41;16;42927;8376;;;
vue;3;1047;15;6;15705;3141;;;
desormais;9;1043;40;18;41720;9387;;;
six;3;1042;15;6;15630;3126;;;
elu;3;1041;13;6;13533;3123;;;
national;8;1040;36;16;37440;8320;;;
vraiment;8;1038;38;16;39444;8304;;;
pense;5;1036;19;10;19684;5180;;;
actuellement;12;1035;54;24;55890;12420;;;
difficile;9;1033;46;18;47518;9297;;;
climat;6;1033;30;12;30990;6198;;;
classe;6;1033;24;12;24792;6198;;;
feu;3;1032;15;6;15480;3096;;;
objet;5;1030;29;10;29870;5150;;;
idees;5;1030;19;10;19570;5150;;;
haute;5;1029;25;10;25725;5145;;;
lyon;4;1029;23;8;23667;4116;;;
pourrait;8;1027;40;16;41080;8216;;;
retrouve;8;1026;39;16;40014;8208;;;
coup;4;1025;23;8;23575;4100;;;
recherche;9;1023;47;18;48081;9207;;;
langues;7;1020;31;14;31620;7140;;;
toi;3;1020;15;6;15300;3060;;;
v;1;1020;7;2;7140;1020;;;
assemblee;9;1019;37;18;37703;9171;;;
mots;4;1018;20;8;20360;4072;;;
accord;6;1015;33;12;33495;6090;;;
eviter;6;1015;27;12;27405;6090;;;
aime;4;1013;17;8;17221;4052;;;
oiseaux;7;1011;33;14;33363;7077;;;
image;5;1010;24;10;24240;5050;;;
peux;4;1010;22;8;22220;4040;;;
finalement;10;1007;45;20;45315;10070;;;
devenu;6;1005;28;12;28140;6030;;;
planete;7;1004;30;14;30120;7028;;;
version;7;1004;32;14;32128;7028;;;
maladie;7;1001;32;14;32032;7007;;;
developpement;13;999;63;26;62937;12987;;;
carriere;8;999;35;16;34965;7992;;;
ocean;5;998;23;10;22954;4990;;;
courant;7;997;35;14;34895;6979;;;
lois;4;996;18;8;17928;3984;;;
terres;6;996;24;12;23904;5976;;;
tel;3;995;13;6;12935;2985;;;
livres;6;993;27;12;26811;5958;;;
gaz;3;992;20;6;19840;2976;;;
pratique;8;991;39;16;38649;7928;;;
scientifiques;13;990;58;26;57420;12870;;;
traite;6;986;26;12;25636;5916;;;
travaux;7;985;38;14;37430;6895;;;
sauf;4;982;19;8;18658;3928;;;
loin;4;981;19;8;18639;3924;;;
nature;6;981;26;12;25506;5886;;;
egypte;6;977;32;12;31264;5862;;;
epouse;6;977;26;12;25402;5862;;;
premieres;9;973;38;18;36974;8757;;;
moyenne;7;972;34;14;33048;6804;;;
combat;6;970;34;12;32980;5820;;;
sort;4;962;19;8;18278;3848;;;
paix;4;960;22;8;21120;3840;;;
fer;3;960;15;6;14400;2880;;;
sang;4;958;18;8;17244;3832;;;
aider;5;957;22;10;21054;4785;;;
cinema;6;957;27;12;25839;5742;;;
album;5;957;27;10;25839;4785;;;
maintenant;10;956;43;20;41108;9560;;;
furent;6;955;29;12;27695;5730;;;
militaires;10;955;43;20;41065;9550;;;
poissons;8;954;35;16;33390;7632;;;
connue;6;952;28;12;26656;5712;;;
liberte;7;952;32;14;30464;6664;;;
dix;3;951;18;6;17118;2853;;;
yeux;4;951;24;8;22824;3804;;;
francois;8;950;39;16;37050;7600;;;
considere;9;947;40;18;37880;8523;;;
quoi;4;946;22;8;20812;3784;;;
probleme;8;946;41;16;38786;7568;;;
style;5;946;24;10;22704;4730;;;
sorte;5;946;22;10;20812;4730;;;
etudes;6;945;25;12;23625;5670;;;
deputes;7;945;31;14;29295;6615;;;
victoire;8;944;40;16;37760;7552;;;
groupes;7;943;35;14;33005;6601;;;
ecrire;6;941;26;12;24466;5646;;;
cite;4;941;18;8;16938;3764;;;
organisation;12;940;56;24;52640;11280;;;
proteger;8;940;40;16;37600;7520;;;
cour;4;937;22;8;20614;3748;;;
uvres;5;936;23;10;21528;4680;;;
lequel;6;935;28;12;26180;5610;;;
liste;5;934;20;10;18680;4670;;;
aura;4;933;18;8;16794;3732;;;
scene;5;931;19;10;17689;4655;;;
harry;5;930;30;10;27900;4650;;;
prise;5;930;21;10;19530;4650;;;
personnages;11;930;48;22;44640;10230;;;
tandis;6;926;26;12;24076;5556;;;
plan;4;925;19;8;17575;3700;;;
pourtant;8;925;40;16;37000;7400;;;
f;1;923;7;2;6461;923;;;
direction;9;922;43;18;39646;8298;;;
propre;6;921;31;12;28551;5526;;;
longue;6;919;30;12;27570;5514;;;
independance;12;919;53;24;48707;11028;;;
allemande;9;918;40;18;36720;8262;;;
represente;10;916;40;20;36640;9160;;;
principal;9;916;44;18;40304;8244;;;
chacun;6;916;33;12;30228;5496;;;
joue;4;914;22;8;20108;3656;;;
joueur;6;913;32;12;29216;5478;;;
passe;5;912;19;10;17328;4560;;;
temperature;11;911;50;22;45550;10021;;;
quelque;7;911;35;14;31885;6377;;;
sujet;5;910;24;10;21840;4550;;;
parties;7;910;30;14;27300;6370;;;
centrale;8;910;35;16;31850;7280;;;
ufs;3;908;15;6;13620;2724;;;
prince;6;905;28;12;25340;5430;;;
port;4;904;22;8;19888;3616;;;
utilisateur;11;903;48;22;43344;9933;;;
populaire;9;898;44;18;39512;8082;;;
voix;4;898;25;8;22450;3592;;;
autant;6;897;27;12;24219;5382;;;
etoile;6;897;26;12;23322;5382;;;
elections;9;895;39;18;34905;8055;;;
britannique;11;894;52;22;46488;9834;;;
presence;8;894;33;16;29502;7152;;;
journee;7;892;34;14;30328;6244;;;
anciens;7;892;28;14;24976;6244;;;
foret;5;892;26;10;23192;4460;;;
automne;7;892;33;14;29436;6244;;;
sept;4;891;17;8;15147;3564;;;
lune;4;891;17;8;15147;3564;;;
faisant;7;890;31;14;27590;6230;;;
route;5;890;24;10;21360;4450;;;
libre;5;888;24;10;21312;4440;;;
cree;4;888;17;8;15096;3552;;;
rend;4;887;18;8;15966;3548;;;
of;2;886;13;4;11518;1772;;;
siecles;7;885;27;14;23895;6195;;;
football;8;884;45;16;39780;7072;;;
morts;5;884;25;10;22100;4420;;;
couleurs;8;883;38;16;33554;7064;;;
jesus;5;882;22;10;19404;4410;;;
cuisine;7;882;29;14;25578;6174;;;
wikipedia;9;881;49;18;43169;7929;;;
travers;7;880;32;14;28160;6160;;;
meilleur;8;879;36;16;31644;7032;;;
londres;7;878;32;14;28096;6146;;;
antiquite;9;878;41;18;35998;7902;;;
second;6;877;28;12;24556;5262;;;
credit;6;875;29;12;25375;5250;;;
avis;4;875;18;8;15750;3500;;;
attaque;7;874;33;14;28842;6118;;;
vivant;6;872;31;12;27032;5232;;;
elements;8;872;32;16;27904;6976;;;
new;3;871;16;6;13936;2613;;;
amis;4;871;17;8;14807;3484;;;
europeens;9;871;38;18;33098;7839;;;
i;1;870;4;2;3480;870;;;
roman;5;870;25;10;21750;4350;;;
informations;12;869;58;24;50402;10428;;;
dieux;5;868;26;10;22568;4340;;;
moitie;6;867;28;12;24276;5202;;;
arrivee;7;867;31;14;26877;6069;;;
depart;6;865;29;12;25085;5190;;;
jouer;5;863;27;10;23301;4315;;;
forte;5;863;26;10;22438;4315;;;
joueurs;7;862;35;14;30170;6034;;;
femelle;7;861;32;14;27552;6027;;;
fais;4;856;18;8;15408;3424;;;
sait;4;856;16;8;13696;3424;;;
peau;4;855;18;8;15390;3420;;;
bretagne;8;854;38;16;32452;6832;;;
problemes;9;851;44;18;37444;7659;;;
demi;4;851;19;8;16169;3404;;;
nee;3;850;10;6;8500;2550;;;
emission;8;850;33;16;28050;6800;;;
britanniques;12;848;55;24;46640;10176;;;
domaine;7;847;33;14;27951;5929;;;
insectes;8;846;31;16;26226;6768;;;
video;5;845;26;10;21970;4225;;;
americaine;10;845;43;20;36335;8450;;;
commun;6;843;33;12;27819;5058;;;
source;6;843;28;12;23604;5058;;;
auteur;6;842;27;12;22734;5052;;;
obtenir;7;841;34;14;28594;5887;;;
juifs;5;839;27;10;22653;4195;;;
contrairement;13;837;60;26;50220;10881;;;
seuls;5;836;19;10;15884;4180;;;
pieces;6;835;25;12;20875;5010;;;
finale;6;835;27;12;22545;5010;;;
heure;5;833;24;10;19992;4165;;;
siege;5;833;20;10;16660;4165;;;
modele;6;830;29;12;24070;4980;;;
nourriture;10;829;47;20;38963;8290;;;
pont;4;829;21;8;17409;3316;;;
longueur;8;827;40;16;33080;6616;;;
contient;8;827;37;16;30599;6616;;;
toutefois;9;825;44;18;36300;7425;;;
obtient;7;821;34;14;27914;5747;;;
utilisee;8;820;32;16;26240;6560;;;
pouvait;7;820;37;14;30340;5740;;;
ciel;4;813;18;8;14634;3252;;;
message;7;813;29;14;23577;5691;;;
physique;8;812;44;16;35728;6496;;;
arbres;6;812;27;12;21924;4872;;;
comprendre;10;811;50;20;40550;8110;;;
tels;4;810;16;8;12960;3240;;;
territoires;11;810;48;22;38880;8910;;;
fond;4;810;23;8;18630;3240;;;
recoit;6;808;29;12;23432;4848;;;
regles;6;806;26;12;20956;4836;;;
images;6;806;27;12;21762;4836;;;
altitude;8;806;37;16;29822;6448;;;
peuples;7;806;31;14;24986;5642;;;
election;8;805;36;16;28980;6440;;;
pattes;6;805;26;12;20930;4830;;;
concours;8;803;41;16;32923;6424;;;
puissance;9;803;38;18;30514;7227;;;
match;5;802;29;10;23258;4010;;;
particulierement;16;802;73;32;58546;12832;;;
filles;6;802;27;12;21654;4812;;;
voici;5;800;27;10;21600;4000;;;
familles;8;800;37;16;29600;6400;;;
bout;4;800;23;8;18400;3200;;;
communes;8;800;39;16;31200;6400;;;
jacques;7;799;36;14;28764;5593;;;
humains;7;799;34;14;27166;5593;;;
p;1;797;6;2;4782;797;;;
aucune;6;796;27;12;21492;4776;;;
semaines;8;794;30;16;23820;6352;;;
franco;6;794;32;12;25408;4764;;;
avons;5;793;24;10;19032;3965;;;
temple;6;793;28;12;22204;4758;;;
derniers;8;792;33;16;26136;6336;;;
internet;8;792;33;16;26136;6336;;;
parc;4;792;21;8;16632;3168;;;
fete;4;791;18;8;14238;3164;;;
armes;5;790;21;10;16590;3950;;;
mode;4;789;21;8;16569;3156;;;
present;7;788;29;14;22852;5516;;;
occasion;8;788;39;16;30732;6304;;;
sport;5;787;25;10;19675;3935;;;
endroit;7;787;33;14;25971;5509;;;
rois;4;787;18;8;14166;3148;;;
mariage;7;785;33;14;25905;5495;;;
activite;8;784;38;16;29792;6272;;;
electrique;10;784;46;20;36064;7840;;;
activites;9;783;41;18;32103;7047;;;
chretiens;9;783;41;18;32103;7047;;;
manger;6;780;29;12;22620;4680;;;
quel;4;779;20;8;15580;3116;;;
discuter;8;778;37;16;28786;6224;;;
voire;5;777;25;10;19425;3885;;;
noire;5;776;22;10;17072;3880;;;
realite;7;776;29;14;22504;5432;;;
valeur;6;775;29;12;22475;4650;;;
eme;3;775;12;6;9300;2325;;;
province;8;775;41;16;31775;6200;;;
comprend;8;775;42;16;32550;6200;;;
directement;11;774;50;22;38700;8514;;;
ecoles;6;772;26;12;20072;4632;;;
americains;10;771;43;20;33153;7710;;;
urss;4;770;16;8;12320;3080;;;
creee;5;770;20;10;15400;3850;;;
reseau;6;770;23;12;17710;4620;;;
matiere;7;769;30;14;23070;5383;;;
religieux;9;769;44;18;33836;6921;;;
dynastie;8;769;37;16;28453;6152;;;
association;11;767;49;22;37583;8437;;;
types;5;766;25;10;19150;3830;;;
autoroute;9;766;44;18;33704;6894;;;
univers;7;765;31;14;23715;5355;;;
lire;4;765;17;8;13005;3060;;;
acces;5;763;22;10;16786;3815;;;
chaine;6;763;29;12;22127;4578;;;
chasse;6;761;27;12;20547;4566;;;
montagnes;9;761;42;18;31962;6849;;;
facilement;10;760;47;20;35720;7600;;;
kilometres;10;760;49;20;37240;7600;;;
minutes;7;760;30;14;22800;5320;;;
village;7;758;35;14;26530;5306;;;
questions;9;757;40;18;30280;6813;;;
ta;2;756;9;4;6804;1512;;;
programme;9;756;48;18;36288;6804;;;
feuilles;8;755;35;16;26425;6040;;;
etoiles;7;754;29;14;21866;5278;;;
passage;7;753;30;14;22590;5271;;;
chemin;6;753;31;12;23343;4518;;;
salle;5;751;20;10;15020;3755;;;
cathedrale;10;749;49;20;36701;7490;;;
entree;6;748;23;12;17204;4488;;;
mont;4;748;21;8;15708;2992;;;
code;4;748;21;8;15708;2992;;;
pression;8;747;34;16;25398;5976;;;
principaux;10;747;52;20;38844;7470;;;
masse;5;746;19;10;14174;3730;;;
raconte;7;744;33;14;24552;5208;;;
lieux;5;744;25;10;18600;3720;;;
designe;7;742;30;14;22260;5194;;;
sante;5;742;19;10;14098;3710;;;
large;5;742;24;10;17808;3710;;;
simplement;10;741;45;20;33345;7410;;;
blanche;7;740;37;14;27380;5180;;;
former;6;740;32;12;23680;4440;;;
fleuve;6;740;30;12;22200;4440;;;
wp;2;740;15;4;11100;1480;;;
grecs;5;739;24;10;17736;3695;;;
superficie;10;738;46;20;33948;7380;;;
york;4;737;28;8;20636;2948;;;
poste;5;737;23;10;16951;3685;;;
manque;6;736;29;12;21344;4416;;;
hauteur;7;735;35;14;25725;5145;;;
japonais;8;735;39;16;28665;5880;;;
fonctions;9;734;45;18;33030;6606;;;
humain;6;734;31;12;22754;4404;;;
inde;4;734;17;8;12478;2936;;;
moyens;6;734;30;12;22020;4404;;;
mesures;7;734;28;14;20552;5138;;;
garde;5;734;25;10;18350;3670;;;
suisse;6;733;21;12;15393;4398;;;
quartier;8;732;38;16;27816;5856;;;
importants;10;732;48;20;35136;7320;;;
commerce;8;732;41;16;30012;5856;;;
apparait;8;732;38;16;27816;5856;;;
lutte;5;732;23;10;16836;3660;;;
trouvent;8;731;40;16;29240;5848;;;
samedi;6;731;26;12;19006;4386;;;
importantes;11;730;51;22;37230;8030;;;
montre;6;729;29;12;21141;4374;;;
semble;6;727;27;12;19629;4362;;;
puisque;7;727;33;14;23991;5089;;;
construire;10;727;46;20;33442;7270;;;
entier;6;726;24;12;17424;4356;;;
belge;5;726;25;10;18150;3630;;;
voie;4;724;20;8;14480;2896;;;
atteint;7;722;30;14;21660;5054;;;
train;5;722;22;10;15884;3610;;;
chanson;7;722;35;14;25270;5054;;;
communaute;10;722;50;20;36100;7220;;;
xxe;3;722;19;6;13718;2166;;;
continue;8;721;37;16;26677;5768;;;
kg;2;720;16;4;11520;1440;;;
atteindre;9;719;39;18;28041;6471;;;
duree;5;719;22;10;15818;3595;;;
participe;9;719;43;18;30917;6471;;;
fruits;6;719;29;12;20851;4314;;;
avance;6;716;28;12;20048;4296;;;
proches;7;716;37;14;26492;5012;;;
voyage;6;716;35;12;25060;4296;;;
propose;7;714;35;14;24990;4998;;;
votre;5;714;26;10;18564;3570;;;
russes;6;714;22;12;15708;4284;;;
veulent;7;713;32;14;22816;4991;;;
course;6;713;28;12;19964;4278;;;
travailler;10;713;47;20;33511;7130;;;
connait;7;712;33;14;23496;4984;;;
lac;3;712;15;6;10680;2136;;;
position;8;710;38;16;26980;5680;;;
police;6;710;30;12;21300;4260;;;
marque;6;709;30;12;21270;4254;;;
du;2;708;11;4;7788;1416;;;
decision;8;707;36;16;25452;5656;;;
paysans;7;707;32;14;22624;4949;;;
partout;7;706;36;14;25416;4942;;;
belle;5;706;23;10;16238;3530;;;
montagne;8;706;39;16;27534;5648;;;
protection;10;704;50;20;35200;7040;;;
grece;5;703;24;10;16872;3515;;;
riche;5;702;26;10;18252;3510;;;
chat;4;701;23;8;16123;2804;;;
maitre;6;701;27;12;18927;4206;;;
actuelle;8;701;36;16;25236;5608;;;
composee;8;700;39;16;27300;5600;;;
iv;2;698;11;4;7678;1396;;;
laisse;6;697;22;12;15334;4182;;;
compagnie;9;696;46;18;32016;6264;;;
explique;8;695;41;16;28495;5560;;;
unique;6;695;28;12;19460;4170;;;
securite;8;695;34;16;23630;5560;;;
armees;6;695;24;12;16680;4170;;;
eaux;4;694;20;8;13880;2776;;;
poids;5;693;25;10;17325;3465;;;
appel;5;693;24;10;16632;3465;;;
lignes;6;692;26;12;17992;4152;;;
pied;4;692;19;8;13148;2768;;;
ait;3;690;13;6;8970;2070;;;
soient;6;688;25;12;17200;4128;;;
sur;3;687;13;6;8931;2061;;;
michel;6;686;32;12;21952;4116;;;
universite;10;686;43;20;29498;6860;;;
permettre;9;685;41;18;28085;6165;;;
facile;6;685;29;12;19865;4110;;;
bord;4;685;24;8;16440;2740;;;
membre;6;685;30;12;20550;4110;;;
heros;5;685;25;10;17125;3425;;;
grecque;7;684;36;14;24624;4788;;;
cheval;6;683;33;12;22539;4098;;;
paul;4;683;20;8;13660;2732;;;
tr;2;682;10;4;6820;1364;;;
dure;4;681;19;8;12939;2724;;;
g;1;681;7;2;4767;681;;;
utilises;8;680;32;16;21760;5440;;;
parlement;9;680;41;18;27880;6120;;;
necessaire;10;680;38;20;25840;6800;;;
fleurs;6;679;28;12;19012;4074;;;
piece;5;678;22;10;14916;3390;;;
utilisateurs;12;678;51;24;34578;8136;;;
uniquement;10;677;46;20;31142;6770;;;
utilisation;11;677;49;22;33173;7447;;;
quantite;8;677;37;16;25049;5416;;;
decouvert;9;676;46;18;31096;6084;;;
decide;6;676;28;12;18928;4056;;;
crise;5;675;21;10;14175;3375;;;
chinois;7;674;35;14;23590;4718;;;
permis;6;673;27;12;18171;4038;;;
symbole;7;673;38;14;25574;4711;;;
peur;4;669;19;8;12711;2676;;;
attention;9;668;40;18;26720;6012;;;
royal;5;666;28;10;18648;3330;;;
noms;4;666;19;8;12654;2664;;;
principale;10;665;47;20;31255;6650;;;
influence;9;665;41;18;27265;5985;;;
risque;6;664;27;12;17928;3984;;;
pages;5;663;23;10;15249;3315;;;
interdit;8;662;36;16;23832;5296;;;
regarder;8;661;38;16;25118;5288;;;
entreprises;11;660;44;22;29040;7260;;;
constitution;12;660;57;24;37620;7920;;;
economie;8;660;38;16;25080;5280;;;
marins;6;659;26;12;17134;3954;;;
faible;6;659;30;12;19770;3954;;;
actuel;6;658;28;12;18424;3948;;;
compris;7;657;36;14;23652;4599;;;
journal;7;657;37;14;24309;4599;;;
justice;7;657;34;14;22338;4599;;;
formes;6;656;30;12;19680;3936;;;
jaune;5;655;24;10;15720;3275;;;
forces;6;655;30;12;19650;3930;;;
guerres;7;654;31;14;20274;4578;;;
commence;8;654;40;16;26160;5232;;;
artistes;8;653;32;16;20896;5224;;;
resistance;10;653;40;20;26120;6530;;;
occupe;6;651;32;12;20832;3906;;;
musulmans;9;651;41;18;26691;5859;;;
entreprise;10;651;41;20;26691;6510;;;
changer;7;650;37;14;24050;4550;;;
arbre;5;650;24;10;15600;3250;;;
formation;9;650;47;18;30550;5850;;;
bleu;4;648;20;8;12960;2592;;;
technique;9;647;45;18;29115;5823;;;
moderne;7;645;33;14;21285;4515;;;
froid;5;644;28;10;18032;3220;;;
sortie;6;643;26;12;16718;3858;;;
royale;6;643;31;12;19933;3858;;;
noirs;5;643;22;10;14146;3215;;;
tombe;5;643;27;10;17361;3215;;;
camp;4;642;22;8;14124;2568;;;
rh;2;642;13;4;8346;1284;;;
mains;5;641;21;10;13461;3205;;;
citoyens;8;641;39;16;24999;5128;;;
culte;5;641;24;10;15384;3205;;;
professeur;10;641;46;20;29486;6410;;;
devait;6;641;29;12;18589;3846;;;
xviiie;6;641;30;12;19230;3846;;;
internationale;14;640;60;28;38400;8960;;;
techniques;10;638;48;20;30624;6380;;;
situe;5;637;20;10;12740;3185;;;
hors;4;637;22;8;14014;2548;;;
pouvoirs;8;636;42;16;26712;5088;;;
plante;6;636;27;12;17172;3816;;;
historique;10;634;50;20;31700;6340;;;
milliers;8;633;35;16;22155;5064;;;
dispose;7;633;31;14;19623;4431;;;
tente;5;633;20;10;12660;3165;;;
resultat;8;632;35;16;22120;5056;;;
decouverte;10;629;49;20;30821;6290;;;
faisait;7;628;31;14;19468;4396;;;
affaires;8;626;37;16;23162;5008;;;
vent;4;626;19;8;11894;2504;;;
rester;6;625;24;12;15000;3750;;;
virus;5;625;24;10;15000;3125;;;
italien;7;625;29;14;18125;4375;;;
raisons;7;624;29;14;18096;4368;;;
freres;6;623;26;12;16198;3738;;;
chute;5;623;27;10;16821;3115;;;
derriere;8;623;34;16;21182;4984;;;
terrain;7;622;30;14;18660;4354;;;
dessous;7;622;29;14;18038;4354;;;
agriculture;11;622;54;22;33588;6842;;;
principe;8;621;38;16;23598;4968;;;
produire;8;621;40;16;24840;4968;;;
distance;8;621;35;16;21735;4968;;;
sovietique;10;621;47;20;29187;6210;;;
textes;6;621;27;12;16767;3726;;;
etres;5;620;19;10;11780;3100;;;
es;2;619;6;4;3714;1238;;;
honneur;7;618;35;14;21630;4326;;;
ligue;5;618;24;10;14832;3090;;;
chambre;7;617;39;14;24063;4319;;;
queue;5;617;23;10;14191;3085;;;
seine;5;617;17;10;10489;3085;;;
imp;3;615;16;6;9840;1845;;;
catholiques;11;615;56;22;34440;6765;;;
canada;6;614;28;12;17192;3684;;;
arabe;5;613;23;10;14099;3065;;;
marine;6;613;26;12;15938;3678;;;
atlantique;10;613;46;20;28198;6130;;;
espagnol;8;612;38;16;23256;4896;;;
aupres;6;612;26;12;15912;3672;;;
alpes;5;611;21;10;12831;3055;;;
eleve;5;610;21;10;12810;3050;;;
choix;5;610;32;10;19520;3050;;;
xiv;3;610;19;6;11590;1830;;;
francaises;10;609;43;20;26187;6090;;;
sorti;5;609;23;10;14007;3045;;;
riches;6;609;29;12;17661;3654;;;
theorie;7;609;34;14;20706;4263;;;
services;8;608;34;16;20672;4864;;;
charge;6;608;33;12;20064;3648;;;
decouvrir;9;607;47;18;28529;5463;;;
nouvel;6;607;30;12;18210;3642;;;
defense;7;606;29;14;17574;4242;;;
comporte;8;605;43;16;26015;4840;;;
huit;4;605;22;8;13310;2420;;;
bruxelles;9;604;44;18;26576;5436;;;
retrouver;9;604;44;18;26576;5436;;;
male;4;604;18;8;10872;2416;;;
laisser;7;603;27;14;16281;4221;;;
connus;6;603;28;12;16884;3618;;;
portugal;8;603;43;16;25929;4824;;;
rapide;6;602;28;12;16856;3612;;;
ecriture;8;600;36;16;21600;4800;;;
legende;7;600;31;14;18600;4200;;;
autrefois;9;599;42;18;25158;5391;;;
parvient;8;598;38;16;22724;4784;;;
potter;6;598;30;12;17940;3588;;;
arriere;7;597;29;14;17313;4179;;;
divers;6;597;28;12;16716;3582;;;
maisons;7;596;30;14;17880;4172;;;
adore;5;593;24;10;14232;2965;;;
presse;6;592;23;12;13616;3552;;;
riviere;7;592;31;14;18352;4144;;;
tuer;4;592;18;8;10656;2368;;;
tes;3;591;11;6;6501;1773;;;
transport;9;591;43;18;25413;5319;;;
sainte;6;591;23;12;13593;3546;;;
officielle;10;589;50;20;29450;5890;;;
contraire;9;589;42;18;24738;5301;;;
ami;3;589;14;6;8246;1767;;;
mediterranee;12;588;51;24;29988;7056;;;
importance;10;588;49;20;28812;5880;;;
international;13;587;57;26;33459;7631;;;
industrie;9;587;39;18;22893;5283;;;
nombres;7;586;34;14;19924;4102;;;
recu;4;586;19;8;11134;2344;;;
fortement;9;586;44;18;25784;5274;;;
connaitre;9;585;41;18;23985;5265;;;
certain;7;585;31;14;18135;4095;;;
existence;9;585;39;18;22815;5265;;;
enseignement;12;585;49;24;28665;7020;;;
al;2;584;9;4;5256;1168;;;
amour;5;584;26;10;15184;2920;;;
progressivement;15;584;70;30;40880;8760;;;
autorite;8;584;37;16;21608;4672;;;
ch;2;584;14;4;8176;1168;;;
ressemble;9;584;38;18;22192;5256;;;
defaite;7;584;32;14;18688;4088;;;
mission;7;584;30;14;17520;4088;;;
campagne;8;584;40;16;23360;4672;;;
oui;3;583;15;6;8745;1749;;;
statut;6;581;27;12;15687;3486;;;
administration;14;580;64;28;37120;8120;;;
partis;6;577;27;12;15579;3462;;;
cousin;6;577;28;12;16156;3462;;;
generale;8;576;34;16;19584;4608;;;
batiments;9;576;41;18;23616;5184;;;
mathematiques;13;575;63;26;36225;7475;;;
etats;5;575;20;10;11500;2875;;;
neanmoins;9;575;38;18;21850;5175;;;
correspond;10;574;50;20;28700;5740;;;
capable;7;574;35;14;20090;4018;;;
poisson;7;574;32;14;18368;4018;;;
vivants;7;574;34;14;19516;4018;;;
participer;10;573;48;20;27504;5730;;;
chaleur;7;573;36;14;20628;4011;;;
vallee;6;573;27;12;15471;3438;;;
donnees;7;572;29;14;16588;4004;;;
navires;7;572;30;14;17160;4004;;;
nourrit;7;572;34;14;19448;4004;;;
consiste;8;571;34;16;19414;4568;;;
cellules;8;571;35;16;19985;4568;;;
frontiere;9;570;42;18;23940;5130;;;
lettres;7;569;29;14;16501;3983;;;
doute;5;569;25;10;14225;2845;;;
orient;6;568;27;12;15336;3408;;;
radio;5;568;25;10;14200;2840;;;
carte;5;568;23;10;13064;2840;;;
mur;3;567;16;6;9072;1701;;;
categorie;9;567;43;18;24381;5103;;;
milliards;9;567;42;18;23814;5103;;;
zones;5;567;25;10;14175;2835;;;
forme;5;566;27;10;15282;2830;;;
provoque;8;566;45;16;25470;4528;;;
dimanche;8;565;41;16;23165;4520;;;
danger;6;565;29;12;16385;3390;;;
decouvre;8;565;41;16;23165;4520;;;
utilisent;9;565;38;18;21470;5085;;;
mouvements;10;565;48;20;27120;5650;;;
regulierement;13;564;58;26;32712;7332;;;
prison;6;564;28;12;15792;3384;;;
experience;10;564;45;20;25380;5640;;;
sortes;6;564;25;12;14100;3384;;;
allies;6;564;24;12;13536;3384;;;
viennent;8;563;34;16;19142;4504;;;
sais;4;563;14;8;7882;2252;;;
tours;5;563;24;10;13512;2815;;;
importe;7;563;35;14;19705;3941;;;
deviennent;10;563;43;20;24209;5630;;;
servir;6;562;27;12;15174;3372;;;
comte;5;562;26;10;14612;2810;;;
numero;6;561;29;12;16269;3366;;;
qualite;7;560;33;14;18480;3920;;;
australie;9;560;38;18;21280;5040;;;
viande;6;558;28;12;15624;3348;;;
science;7;557;29;14;16153;3899;;;
forets;6;557;29;12;16153;3342;;;
permettant;10;557;46;20;25622;5570;;;
principales;11;557;50;22;27850;6127;;;
nomme;5;557;25;10;13925;2785;;;
adultes;7;556;31;14;17236;3892;;;
bourgogne;9;556;50;18;27800;5004;;;
sexualite;9;556;40;18;22240;5004;;;
mario;5;555;25;10;13875;2775;;;
signe;5;554;21;10;11634;2770;;;
pologne;7;554;37;14;20498;3878;;;
relations;9;554;39;18;21606;4986;;;
metier;6;554;26;12;14404;3324;;;
victimes;8;551;38;16;20938;4408;;;
antique;7;551;32;14;17632;3857;;;
quelqu;6;550;32;12;17600;3300;;;
bande;5;550;24;10;13200;2750;;;
chien;5;550;25;10;13750;2750;;;
esclaves;8;550;34;16;18700;4400;;;
quitte;6;550;29;12;15950;3300;;;
peine;5;549;20;10;10980;2745;;;
fil;3;549;16;6;8784;1647;;;
ukraine;7;549;34;14;18666;3843;;;
anciennes;9;549;35;18;19215;4941;;;
apprendre;9;548;42;18;23016;4932;;;
suivante;8;548;35;16;19180;4384;;;
sciences;8;548;32;16;17536;4384;;;
chefs;5;547;27;10;14769;2735;;;
apparition;10;547;48;20;26256;5470;;;
fit;3;547;16;6;8752;1641;;;
joseph;6;547;34;12;18598;3282;;;
puisqu;6;546;30;12;16380;3276;;;
classique;9;546;40;18;21840;4914;;;
environnement;13;545;58;26;31610;7085;;;
rue;3;545;13;6;7085;1635;;;
extreme;7;545;33;14;17985;3815;;;
seigneur;8;545;34;16;18530;4360;;;
aime;4;544;17;8;9248;2176;;;
contenu;7;544;33;14;17952;3808;;;
suivant;7;543;32;14;17376;3801;;;
vol;3;543;18;6;9774;1629;;;
fondee;6;543;29;12;15747;3258;;;
communiste;10;543;48;20;26064;5430;;;
difference;10;542;48;20;26016;5420;;;
totalement;10;542;46;20;24932;5420;;;
demander;8;541;37;16;20017;4328;;;
sujets;6;541;27;12;14607;3246;;;
salut;5;541;22;10;11902;2705;;;
rouges;6;540;29;12;15660;3240;;;
provinces;9;539;44;18;23716;4851;;;
mondial;7;538;35;14;18830;3766;;;
naturel;7;536;31;14;16616;3752;;;
devenue;7;536;31;14;16616;3752;;;
bras;4;536;19;8;10184;2144;;;
xvie;4;536;22;8;11792;2144;;;
bresil;6;536;27;12;14472;3216;;;
etude;5;535;22;10;11770;2675;;;
maladies;8;535;35;16;18725;4280;;;
hitler;6;535;30;12;16050;3210;;;
beau;4;534;19;8;10146;2136;;;
celebres;8;533;35;16;18655;4264;;;
simon;5;533;23;10;12259;2665;;;
sommet;6;532;29;12;15428;3192;;;
alexandre;9;532;42;18;22344;4788;;;
langage;7;531;34;14;18054;3717;;;
realise;7;531;27;14;14337;3717;;;
senat;5;531;19;10;10089;2655;;;
bonaparte;9;531;44;18;23364;4779;;;
expression;10;531;45;20;23895;5310;;;
moteur;6;530;30;12;15900;3180;;;
pouvaient;9;530;44;18;23320;4770;;;
diverses;8;529;34;16;17986;4232;;;
difficultes;11;529;55;22;29095;5819;;;
canal;5;529;23;10;12167;2645;;;
equipes;7;529;31;14;16399;3703;;;
avions;6;528;28;12;14784;3168;;;
usage;5;528;22;10;11616;2640;;;
restent;7;528;28;14;14784;3696;;;
perd;4;528;20;8;10560;2112;;;
construite;10;528;46;20;24288;5280;;;
stade;5;528;21;10;11088;2640;;;
revient;7;527;31;14;16337;3689;;;
information;11;527;55;22;28985;5797;;;
k;1;527;9;2;4743;527;;;
disparu;7;526;33;14;17358;3682;;;
objectif;8;525;46;16;24150;4200;;;
mammiferes;10;525;47;20;24675;5250;;;
combats;7;525;37;14;19425;3675;;;
quatrieme;9;524;42;18;22008;4716;;;
basse;5;524;20;10;10480;2620;;;
ouverture;9;524;44;18;23056;4716;;;
servent;7;524;30;14;15720;3668;;;
quelle;6;523;28;12;14644;3138;;;
lance;5;523;22;10;11506;2615;;;
veux;4;523;23;8;12029;2092;;;
litterature;11;523;49;22;25627;5753;;;
lille;5;523;22;10;11506;2615;;;
competition;11;522;55;22;28710;5742;;;
total;5;522;25;10;13050;2610;;;
suivre;6;521;27;12;14067;3126;;;
loup;4;521;22;8;11462;2084;;;
malheureusement;15;520;68;30;35360;7800;;;
rejoint;7;520;35;14;18200;3640;;;
lait;4;520;18;8;9360;2080;;;
outils;6;520;28;12;14560;3120;;;
marche;6;520;32;12;16640;3120;;;
donnent;7;517;32;14;16544;3619;;;
batiment;8;516;38;16;19608;4128;;;
lien;4;516;16;8;8256;2064;;;
voiture;7;515;35;14;18025;3605;;;
envie;5;515;21;10;10815;2575;;;
maire;5;515;22;10;11330;2575;;;
ecrivain;8;514;37;16;19018;4112;;;
olympiques;10;514;53;20;27242;5140;;;
refuse;6;513;26;12;13338;3078;;;
civile;6;512;29;12;14848;3072;;;
vert;4;512;20;8;10240;2048;;;
venir;5;511;23;10;11753;2555;;;
double;6;511;32;12;16352;3066;;;
faite;5;510;23;10;11730;2550;;;
in;2;510;8;4;4080;1020;;;
edition;7;509;32;14;16288;3563;;;
ts;2;509;8;4;4072;1018;;;
electricite;11;509;49;22;24941;5599;;;
john;4;509;26;8;13234;2036;;;
avion;5;508;25;10;12700;2540;;;
ailes;5;508;19;10;9652;2540;;;
possedent;9;508;39;18;19812;4572;;;
utc;3;508;16;6;8128;1524;;;
jeunesse;8;507;32;16;16224;4056;;;
cirque;6;507;30;12;15210;3042;;;
exterieur;9;507;41;18;20787;4563;;;
prennent;8;507;34;16;17238;4056;;;
oubliee;7;507;33;14;16731;3549;;;
change;6;506;32;12;16192;3036;;;
mythologie;10;506;58;20;29348;5060;;;
adulte;6;506;28;12;14168;3036;;;
actions;7;505;32;14;16160;3535;;;
sources;7;505;31;14;15655;3535;;;
solaire;7;505;30;14;15150;3535;;;
sein;4;505;14;8;7070;2020;;;
unite;5;504;21;10;10584;2520;;;
dessin;6;504;23;12;11592;3024;;;
francs;6;504;29;12;14616;3024;;;
champion;8;504;44;16;22176;4032;;;
communistes;11;504;51;22;25704;5544;;;
soir;4;503;18;8;9054;2012;;;
essentiellement;15;502;59;30;29618;7530;;;
athenes;7;502;30;14;15060;3514;;;
chaud;5;501;29;10;14529;2505;;;
officiellement;14;501;68;28;34068;7014;;;
cesar;5;501;21;10;10521;2505;;;
annonce;7;500;31;14;15500;3500;;;
gagner;6;499;30;12;14970;2994;;;
conflit;7;499;37;14;18463;3493;;;
protestants;11;499;49;22;24451;5489;;;
arc;3;499;15;6;7485;1497;;;
tiers;5;499;20;10;9980;2495;;;
europeen;8;498;35;16;17430;3984;;;
oiseau;6;498;25;12;12450;2988;;;
germanique;10;498;48;20;23904;4980;;;
central;7;498;32;14;15936;3486;;;
deroule;7;497;33;14;16401;3479;;;
court;5;497;27;10;13419;2485;;;
defendre;8;497;37;16;18389;3976;;;
matin;5;496;23;10;11408;2480;;;
veritable;9;496;43;18;21328;4464;;;
cadre;5;496;24;10;11904;2480;;;
monarchie;9;496;46;18;22816;4464;;;
pensent;7;495;28;14;13860;3465;;;
marche;6;495;32;12;15840;2970;;;
danse;5;495;20;10;9900;2475;;;
originaire;10;495;46;20;22770;4950;;;
biens;5;495;21;10;10395;2475;;;
voter;5;495;26;10;12870;2475;;;
sucre;5;495;22;10;10890;2475;;;
pourra;6;494;31;12;15314;2964;;;
opposition;10;494;50;20;24700;4940;;;
neuf;4;494;19;8;9386;1976;;;
operation;9;494;43;18;21242;4446;;;
dangereux;9;493;45;18;22185;4437;;;
division;8;492;38;16;18696;3936;;;
belges;6;492;28;12;13776;2952;;;
futur;5;492;27;10;13284;2460;;;
machine;7;492;35;14;17220;3444;;;
porter;6;491;30;12;14730;2946;;;
meilleure;9;491;39;18;19149;4419;;;
publie;6;490;30;12;14700;2940;;;
choisi;6;490;31;12;15190;2940;;;
autorites;9;490;40;18;19600;4410;;;
decisions;9;489;39;18;19071;4401;;;
rares;5;488;20;10;9760;2440;;;
architecture;12;488;59;24;28792;5856;;;
contact;7;487;36;14;17532;3409;;;
front;5;486;27;10;13122;2430;;;
ordinateur;10;485;47;20;22795;4850;;;
encyclopedie;12;485;60;24;29100;5820;;;
probablement;12;484;61;24;29524;5808;;;
television;10;484;44;20;21296;4840;;;
ceci;4;484;19;8;9196;1936;;;
liquide;7;484;34;14;16456;3388;;;
convention;10;484;49;20;23716;4840;;;
continent;9;484;41;18;19844;4356;;;
sortir;6;483;28;12;13524;2898;;;
departements;12;483;53;24;25599;5796;;;
wiki;4;483;26;8;12558;1932;;;
entierement;11;481;45;22;21645;5291;;;
os;2;481;9;4;4329;962;;;
esprit;6;480;26;12;12480;2880;;;
melange;7;480;32;14;15360;3360;;;
eut;3;480;13;6;6240;1440;;;
tradition;9;479;43;18;20597;4311;;;
occidentale;11;479;52;22;24908;5269;;;
males;5;479;21;10;10059;2395;;;
mexique;7;479;36;14;17244;3353;;;
bateau;6;478;28;12;13384;2868;;;
guillaume;9;478;44;18;21032;4302;;;
travaille;9;478;42;18;20076;4302;;;
sable;5;478;22;10;10516;2390;;;
phenomene;9;477;43;18;20511;4293;;;
faits;5;477;23;10;10971;2385;;;
perdu;5;477;25;10;11925;2385;;;
puisse;6;477;24;12;11448;2862;;;
trouve;6;476;31;12;14756;2856;;;
pacifique;9;476;46;18;21896;4284;;;
gris;4;476;19;8;9044;1904;;;
partisans;9;476;38;18;18088;4284;;;
eleve;5;475;21;10;9975;2375;;;
euros;5;475;22;10;10450;2375;;;
longues;7;475;33;14;15675;3325;;;
loire;5;475;23;10;10925;2375;;;
colonies;8;475;37;16;17575;3800;;;
champs;6;474;33;12;15642;2844;;;
modifier;8;473;41;16;19393;3784;;;
pain;4;473;18;8;8514;1892;;;
vieux;5;473;27;10;12771;2365;;;
indique;7;472;33;14;15576;3304;;;
souhaite;8;472;38;16;17936;3776;;;
massif;6;472;27;12;12744;2832;;;
renaissance;11;472;43;22;20296;5192;;;
xviie;5;472;26;10;12272;2360;;;
clerge;6;472;29;12;13688;2832;;;
populations;11;472;54;22;25488;5192;;;
pouvez;6;472;36;12;16992;2832;;;
ecologie;8;471;40;16;18840;3768;;;
rare;4;471;17;8;8007;1884;;;
mi;2;471;10;4;4710;942;;;
elus;4;471;16;8;7536;1884;;;
eglises;7;471;28;14;13188;3297;;;
fonctionnement;14;471;67;28;31557;6594;;;
vi;2;470;11;4;5170;940;;;
remporte;8;469;39;16;18291;3752;;;
monnaie;7;468;31;14;14508;3276;;;
rejoindre;9;468;44;18;20592;4212;;;
oppose;6;468;30;12;14040;2808;;;
quant;5;468;25;10;11700;2340;;;
joue;4;466;22;8;10252;1864;;;
installer;9;466;38;18;17708;4194;;;
temoigne;8;466;38;16;17708;3728;;;
pauvres;7;466;33;14;15378;3262;;;
candidat;8;466;39;16;18174;3728;;;
entrer;6;465;25;12;11625;2790;;;
constantinople;14;465;65;28;30225;6510;;;
assurer;7;465;28;14;13020;3255;;;
deesse;6;465;21;12;9765;2790;;;
nourrir;7;464;34;14;15776;3248;;;
interet;7;464;29;14;13456;3248;;;
nicolas;7;463;32;14;14816;3241;;;
aventures;9;462;39;18;18018;4158;;;
apparaissent;12;462;51;24;23562;5544;;;
uf;2;462;12;4;5544;924;;;
noblesse;8;462;34;16;15708;3696;;;
terrestre;9;462;37;18;17094;4158;;;
papier;6;461;28;12;12908;2766;;;
auguste;7;461;32;14;14752;3227;;;
algerie;7;461;31;14;14291;3227;;;
eteint;6;461;24;12;11064;2766;;;
religieuse;10;460;42;20;19320;4600;;;
constitue;9;460;41;18;18860;4140;;;
remporte;8;460;39;16;17940;3680;;;
calendrier;10;459;45;20;20655;4590;;;
realiser;8;459;32;16;14688;3672;;;
sites;5;459;18;10;8262;2295;;;
tableau;7;459;33;14;15147;3213;;;
blancs;6;459;29;12;13311;2754;;;
tient;5;458;21;10;9618;2290;;;
espagnols;9;458;41;18;18778;4122;;;
termine;7;458;30;14;13740;3206;;;
developper;10;457;50;20;22850;4570;;;
lutter;6;457;28;12;12796;2742;;;
etend;5;457;21;10;9597;2285;;;
dos;3;455;15;6;6825;1365;;;
installe;8;455;33;16;15015;3640;;;
mange;5;455;24;10;10920;2275;;;
couple;6;455;31;12;14105;2730;;;
somme;5;453;24;10;10872;2265;;;
ministres;9;453;37;18;16761;4077;;;
alliance;8;453;35;16;15855;3624;;;
reportage;9;452;44;18;19888;4068;;;
fr;2;452;12;4;5424;904;;;
jules;5;452;24;10;10848;2260;;;
continuer;9;451;42;18;18942;4059;;;
montrer;7;450;34;14;15300;3150;;;
thomas;6;450;32;12;14400;2700;;;
robert;6;450;31;12;13950;2700;;;
evolution;9;450;45;18;20250;4050;;;
administrateur;14;450;63;28;28350;6300;;;
tonnes;6;449;25;12;11225;2694;;;
maximum;7;448;39;14;17472;3136;;;
fonde;5;448;26;10;11648;2240;;;
croix;5;448;29;10;12992;2240;;;
publique;8;447;42;16;18774;3576;;;
vienne;6;447;25;12;11175;2682;;;
via;3;446;15;6;6690;1338;;;
different;9;446;44;18;19624;4014;;;
pieds;5;445;22;10;9790;2225;;;
recherches;10;445;50;20;22250;4450;;;
neige;5;444;21;10;9324;2220;;;
developpe;9;444;45;18;19980;3996;;;
arts;4;444;17;8;7548;1776;;;
detruit;7;442;33;14;14586;3094;;;
officiel;8;442;42;16;18564;3536;;;
prusse;6;442;25;12;11050;2652;;;
exposition;10;441;49;20;21609;4410;;;
proximite;9;441;47;18;20727;3969;;;
remplace;8;441;38;16;16758;3528;;;
jardin;6;441;31;12;13671;2646;;;
anti;4;440;17;8;7480;1760;;;
vingt;5;440;27;10;11880;2200;;;
noel;4;440;18;8;7920;1760;;;
reprend;7;440;32;14;14080;3080;;;
atmosphere;10;439;49;20;21511;4390;;;
utilisees;9;439;35;18;15365;3951;;;
metal;5;439;23;10;10097;2195;;;
vaste;5;439;22;10;9658;2195;;;
david;5;438;27;10;11826;2190;;;
representant;12;438;50;24;21900;5256;;;
acheter;7;438;34;14;14892;3066;;;
presents;8;438;32;16;14016;3504;;;
urs;3;438;13;6;5694;1314;;;
partage;7;438;34;14;14892;3066;;;
appartient;10;438;46;20;20148;4380;;;
domaines;8;438;36;16;15768;3504;;;
section;7;438;31;14;13578;3066;;;
existent;8;437;35;16;15295;3496;;;
personnel;9;437;39;18;17043;3933;;;
envoie;6;437;27;12;11799;2622;;;
vacances;8;437;37;16;16169;3496;;;
dents;5;437;21;10;9177;2185;;;
consideree;10;437;43;20;18791;4370;;;
femelles;8;437;35;16;15295;3496;;;
reporters;9;436;41;18;17876;3924;;;
arreter;7;436;30;14;13080;3052;;;
religieuses;11;436;45;22;19620;4796;;;
and;3;436;14;6;6104;1308;;;
bateaux;7;435;36;14;15660;3045;;;
signe;5;434;21;10;9114;2170;;;
reussi;6;434;23;12;9982;2604;;;
ennemis;7;434;27;14;11718;3038;;;
gare;4;434;19;8;8246;1736;;;
championnat;11;434;57;22;24738;4774;;;
dernieres;9;433;36;18;15588;3897;;;
auteurs;7;433;30;14;12990;3031;;;
islam;5;433;22;10;9526;2165;;;
pose;4;433;18;8;7794;1732;;;
reponse;7;433;30;14;12990;3031;;;
apprend;7;432;34;14;14688;3024;;;
seraient;8;432;31;16;13392;3456;;;
coulisses;9;432;38;18;16416;3888;;;
suit;4;431;17;8;7327;1724;;;
romans;6;431;28;12;12068;2586;;;
pierres;7;431;29;14;12499;3017;;;
fabrication;11;431;56;22;24136;4741;;;
repondre;8;431;38;16;16378;3448;;;
humaine;7;431;34;14;14654;3017;;;
chance;6;430;31;12;13330;2580;;;
chansons;8;430;38;16;16340;3440;;;
nintendo;8;430;36;16;15480;3440;;;
ouvert;6;430;31;12;13330;2580;;;
cher;4;430;22;8;9460;1720;;;
centaines;9;429;36;18;15444;3861;;;
lettre;6;429;26;12;11154;2574;;;
developpe;9;429;45;18;19305;3861;;;
tue;3;429;13;6;5577;1287;;;
liens;5;429;19;10;8151;2145;;;
organise;8;429;36;16;15444;3432;;;
appelees;8;428;33;16;14124;3424;;;
murs;4;428;19;8;8132;1712;;;
pouvant;7;428;37;14;15836;2996;;;
portugais;9;428;45;18;19260;3852;;;
mauvais;7;427;33;14;14091;2989;;;
ameliorer;9;427;41;18;17507;3843;;;
classes;7;426;27;14;11502;2982;;;
halloween;9;426;47;18;20022;3834;;;
outre;5;426;24;10;10224;2130;;;
victime;7;426;35;14;14910;2982;;;
mda;3;426;16;6;6816;1278;;;
nobles;6;425;28;12;11900;2550;;;
zeus;4;425;20;8;8500;1700;;;
dinosaures;10;425;43;20;18275;4250;;;
ere;3;424;11;6;4664;1272;;;
presidentielle;14;424;59;28;25016;5936;;;
naturelle;9;424;39;18;16536;3816;;;
chevaux;7;424;41;14;17384;2968;;;
dehors;6;423;31;12;13113;2538;;;
gagne;5;423;25;10;10575;2115;;;
grave;5;423;26;10;10998;2115;;;
succede;7;422;32;14;13504;2954;;;
fabriquer;9;422;47;18;19834;3798;;;
propres;7;421;34;14;14314;2947;;;
resultats;9;421;38;18;15998;3789;;;
videos;6;421;29;12;12209;2526;;;
enfance;7;421;31;14;13051;2947;;;
payer;5;421;26;10;10946;2105;;;
conquete;8;421;39;16;16419;3368;;;
responsable;11;420;49;22;20580;4620;;;
huile;5;420;25;10;10500;2100;;;
cerveau;7;420;33;14;13860;2940;;;
finit;5;420;24;10;10080;2100;;;
frontieres;10;419;45;20;18855;4190;;;
volonte;7;419;36;14;15084;2933;;;
socialiste;10;419;43;20;18017;4190;;;
record;6;418;31;12;12958;2508;;;
plat;4;418;20;8;8360;1672;;;
etrangers;9;417;39;18;16263;3753;;;
lesquels;8;417;34;16;14178;3336;;;
extremement;11;417;51;22;21267;4587;;;
ouvriers;8;417;38;16;15846;3336;;;
envoyer;7;417;36;14;15012;2919;;;
concernant;10;416;47;20;19552;4160;;;
normandie;9;416;42;18;17472;3744;;;
aspect;6;416;27;12;11232;2496;;;
soutien;7;416;30;14;12480;2912;;;
designer;8;416;35;16;14560;3328;;;
anne;4;416;15;8;6240;1664;;;
methode;7;416;37;14;15392;2912;;;
navire;6;416;27;12;11232;2496;;;
iranienne;9;416;35;18;14560;3744;;;
consommation;12;415;60;24;24900;4980;;;
forcement;9;415;45;18;18675;3735;;;
turquie;7;415;34;14;14110;2905;;;
peinture;8;415;35;16;14525;3320;;;
publie;6;415;30;12;12450;2490;;;
chevaliers;10;415;48;20;19920;4150;;;
individus;9;415;43;18;17845;3735;;;
meilleurs;9;414;39;18;16146;3726;;;
episode;7;414;31;14;12834;2898;;;
revanche;8;414;40;16;16560;3312;;;
charge;6;414;33;12;13662;2484;;;
marin;5;414;23;10;9522;2070;;;
iraniennes;10;414;38;20;15732;4140;;;
obligatoire;11;413;56;22;23128;4543;;;
star;4;413;17;8;7021;1652;;;
mettent;7;413;31;14;12803;2891;;;
vis;3;413;14;6;5782;1239;;;
faites;6;412;26;12;10712;2472;;;
race;4;412;18;8;7416;1648;;;
ajouter;7;412;36;14;14832;2884;;;
mari;4;412;19;8;7828;1648;;;
immense;7;411;29;14;11919;2877;;;
couronne;8;411;39;16;16029;3288;;;
application;11;411;54;22;22194;4521;;;
vapeur;6;411;30;12;12330;2466;;;
sociale;7;411;31;14;12741;2877;;;
choisir;7;410;36;14;14760;2870;;;
obtenu;6;410;30;12;12300;2460;;;
proies;6;409;27;12;11043;2454;;;
enorme;6;409;27;12;11043;2454;;;
planetes;8;409;33;16;13497;3272;;;
versailles;10;409;42;20;17178;4090;;;
proces;6;409;29;12;11861;2454;;;
reconnu;7;408;33;14;13464;2856;;;
augmenter;9;408;42;18;17136;3672;;;
chercher;8;408;44;16;17952;3264;;;
jerusalem;9;408;42;18;17136;3672;;;
ennemi;6;408;24;12;9792;2448;;;
vendredi;8;407;38;16;15466;3256;;;
nucleaire;9;407;39;18;15873;3663;;;
photos;6;406;34;12;13804;2436;;;
covid;5;406;29;10;11774;2030;;;
bassin;6;406;25;12;10150;2436;;;
deplacer;8;406;38;16;15428;3248;;;
jusque;6;406;31;12;12586;2436;;;
europeennes;11;406;45;22;18270;4466;;;
remplacer;9;405;43;18;17415;3645;;;
alba;4;405;20;8;8100;1620;;;
declare;7;404;32;14;12928;2828;;;
empecher;8;404;40;16;16160;3232;;;
superieur;9;404;39;18;15756;3636;;;
aliments;8;404;34;16;13736;3232;;;
mille;5;404;23;10;9292;2020;;;
italienne;9;404;36;18;14544;3636;;;
suffit;6;403;31;12;12493;2418;;;
alimentation;12;403;54;24;21762;4836;;;
george;6;403;31;12;12493;2418;;;
portes;6;403;28;12;11284;2418;;;
dame;4;403;19;8;7657;1612;;;
peche;5;403;26;10;10478;2015;;;
puissant;8;402;34;16;13668;3216;;;
reaction;8;401;37;16;14837;3208;;;
devrait;7;401;34;14;13634;2807;;;
hongrie;7;401;37;14;14837;2807;;;
cent;4;401;18;8;7218;1604;;;
cherche;7;401;39;14;15639;2807;;;
conseils;8;401;34;16;13634;3208;;;
flotte;6;401;31;12;12431;2406;;;
affaire;7;399;34;14;13566;2793;;;
titres;6;399;25;12;9975;2394;;;
martin;6;399;28;12;11172;2394;;;
echange;7;399;35;14;13965;2793;;;
carbone;7;399;35;14;13965;2793;;;
envers;6;398;25;12;9950;2388;;;
domination;10;398;49;20;19502;3980;;;
tome;4;397;20;8;7940;1588;;;
relief;6;397;27;12;10719;2382;;;
instrument;10;397;44;20;17468;3970;;;
augmente;8;397;37;16;14689;3176;;;
sinon;5;397;21;10;8337;1985;;;
candidats;9;397;42;18;16674;3573;;;
concerne;8;397;37;16;14689;3176;;;
caractere;9;396;41;18;16236;3564;;;
endroits;8;396;36;16;14256;3168;;;
attendre;8;395;35;16;13825;3160;;;
spectacle;9;395;41;18;16195;3555;;;
vecu;4;395;21;8;8295;1580;;;
princesse;9;395;37;18;14615;3555;;;
souris;6;395;26;12;10270;2370;;;
portent;7;394;34;14;13396;2758;;;
augmentation;12;394;57;24;22458;4728;;;
berlin;6;394;28;12;11032;2364;;;
maritime;8;394;37;16;14578;3152;;;
definitivement;14;394;65;28;25610;5516;;;
impossible;10;393;47;20;18471;3930;;;
sociaux;7;393;36;14;14148;2751;;;
completement;12;393;58;24;22794;4716;;;
opera;5;393;24;10;9432;1965;;;
vetements;9;393;39;18;15327;3537;;;
seigneurs;9;393;37;18;14541;3537;;;
medecin;7;393;32;14;12576;2751;;;
materiel;8;393;35;16;13755;3144;;;
caracteristiques;16;393;72;32;28296;6288;;;
roches;6;393;31;12;12183;2358;;;
christ;6;392;31;12;12152;2352;;;
avais;5;392;22;10;8624;1960;;;
evenement;9;392;38;18;14896;3528;;;
attaques;8;392;36;16;14112;3136;;;
comte;5;392;26;10;10192;1960;;;
courte;6;392;30;12;11760;2352;;;
turcs;5;391;24;10;9384;1955;;;
bible;5;391;26;10;10166;1955;;;
predateurs;10;391;45;20;17595;3910;;;
gout;4;391;23;8;8993;1564;;;
voulait;7;391;36;14;14076;2737;;;
element;7;391;29;14;11339;2737;;;
changement;10;390;50;20;19500;3900;;;
reseaux;7;390;31;14;12090;2730;;;
categories;10;390;46;20;17940;3900;;;
fera;4;390;19;8;7410;1560;;;
midi;4;389;20;8;7780;1556;;;
willy;5;389;31;10;12059;1945;;;
cercle;6;389;28;12;10892;2334;;;
rose;4;389;17;8;6613;1556;;;
nommee;6;388;28;12;10864;2328;;;
ours;4;388;19;8;7372;1552;;;
peninsule;9;388;37;18;14356;3492;;;
christianisme;13;388;59;26;22892;5044;;;
prisonniers;11;388;47;22;18236;4268;;;
garder;6;387;30;12;11610;2322;;;
adresse;7;387;27;14;10449;2709;;;
suivi;5;387;23;10;8901;1935;;;
solution;8;387;38;16;14706;3096;;;
morte;5;386;25;10;9650;1930;;;
note;4;386;18;8;6948;1544;;;
rock;4;385;26;8;10010;1540;;;
garcons;7;385;35;14;13475;2695;;;
rive;4;385;19;8;7315;1540;;;
morceaux;8;385;43;16;16555;3080;;;
cinquieme;9;384;42;18;16128;3456;;;
organise;8;384;36;16;13824;3072;;;
inspire;7;384;29;14;11136;2688;;;
chant;5;384;27;10;10368;1920;;;
matieres;8;383;33;16;12639;3064;;;
nations;7;383;30;14;11490;2681;;;
telle;5;383;21;10;8043;1915;;;
absence;7;382;30;14;11460;2674;;;
hauts;5;382;25;10;9550;1910;;;
certaine;8;382;34;16;12988;3056;;;
disparition;11;382;51;22;19482;4202;;;
graines;7;382;30;14;11460;2674;;;
acteur;6;381;28;12;10668;2286;;;
gagne;5;381;25;10;9525;1905;;;
monuments;9;381;42;18;16002;3429;;;
diametre;8;381;36;16;13716;3048;;;
orleans;7;381;30;14;11430;2667;;;
connues;7;381;31;14;11811;2667;;;
limite;6;381;27;12;10287;2286;;;
reference;9;380;39;18;14820;3420;;;
alphabet;8;380;42;16;15960;3040;;;
reprendre;9;380;40;18;15200;3420;;;
offre;5;380;28;10;10640;1900;;;
commencent;10;380;49;20;18620;3800;;;
elevage;7;380;32;14;12160;2660;;;
memoire;7;380;33;14;12540;2660;;;
web;3;380;19;6;7220;1140;;;
archipel;8;380;41;16;15580;3040;;;
capables;8;379;38;16;14402;3032;;;
chretienne;10;379;45;20;17055;3790;;;
representent;12;379;49;24;18571;4548;;;
bacteries;9;379;40;18;15160;3411;;;
israel;6;379;24;12;9096;2274;;;
republicains;12;379;56;24;21224;4548;;;
cycle;5;378;28;10;10584;1890;;;
savant;6;378;27;12;10206;2268;;;
revenir;7;378;31;14;11718;2646;;;
visible;7;378;33;14;12474;2646;;;
redaction;9;378;43;18;16254;3402;;;
occupation;10;378;52;20;19656;3780;;;
propriete;9;377;43;18;16211;3393;;;
visite;6;377;26;12;9802;2262;;;
vii;3;377;15;6;5655;1131;;;
issue;5;377;18;10;6786;1885;;;
vaut;4;377;21;8;7917;1508;;;
pousse;6;377;26;12;9802;2262;;;
transports;10;377;46;20;17342;3770;;;
evenements;10;376;41;20;15416;3760;;;
messages;8;376;32;16;12032;3008;;;
devaient;8;376;36;16;13536;3008;;;
accepte;7;376;33;14;12408;2632;;;
ressources;10;376;42;20;15792;3760;;;
echelle;7;376;33;14;12408;2632;;;
capacite;8;376;38;16;14288;3008;;;
camps;5;376;25;10;9400;1880;;;
revenus;7;375;30;14;11250;2625;;;
chacune;7;375;36;14;13500;2625;;;
invente;7;375;30;14;11250;2625;;;
colonie;7;375;34;14;12750;2625;;;
utile;5;375;22;10;8250;1875;;;
tourne;6;375;28;12;10500;2250;;;
chimique;8;375;43;16;16125;3000;;;
malade;6;374;28;12;10472;2244;;;
auparavant;10;374;48;20;17952;3740;;;
douze;5;374;29;10;10846;1870;;;
windows;7;373;41;14;15293;2611;;;
frederic;8;373;39;16;14547;2984;;;
quitter;7;372;34;14;12648;2604;;;
flandre;7;372;34;14;12648;2604;;;
arabes;6;372;26;12;9672;2232;;;
echec;5;372;26;10;9672;1860;;;
croissance;10;372;44;20;16368;3720;;;
bronze;6;372;34;12;12648;2232;;;
vide;4;371;20;8;7420;1484;;;
patrimoine;10;371;47;20;17437;3710;;;
invasion;8;371;36;16;13356;2968;;;
observer;8;371;39;16;14469;2968;;;
buts;4;371;20;8;7420;1484;;;
nez;3;371;16;6;5936;1113;;;
drapeau;7;371;33;14;12243;2597;;;
participe;9;370;43;18;15910;3330;;;
wikipedia;9;370;49;18;18130;3330;;;
duche;5;370;28;10;10360;1850;;;
violence;8;369;38;16;14022;2952;;;
voitures;8;369;38;16;14022;2952;;;
parle;5;369;23;10;8487;1845;;;
fruit;5;369;26;10;9594;1845;;;
auraient;8;369;34;16;12546;2952;;;
regle;5;369;23;10;8487;1845;;;
lycee;5;369;25;10;9225;1845;;;
periodes;8;369;36;16;13284;2952;;;
disponible;10;368;48;20;17664;3680;;;
roche;5;368;28;10;10304;1840;;;
attaquer;8;368;38;16;13984;2944;;;
traverse;8;368;35;16;12880;2944;;;
presenter;9;368;37;18;13616;3312;;;
projets;7;368;36;14;13248;2576;;;
depend;6;367;28;12;10276;2202;;;
tenir;5;367;21;10;7707;1835;;;
envoye;6;367;31;12;11377;2202;;;
directeur;9;367;42;18;15414;3303;;;
lion;4;367;19;8;6973;1468;;;
capitaine;9;367;40;18;14680;3303;;;
complexe;8;367;43;16;15781;2936;;;
expliquer;9;366;46;18;16836;3294;;;
differente;10;366;47;20;17202;3660;;;
mourir;6;366;31;12;11346;2196;;;
revolte;7;366;34;14;12444;2562;;;
generaux;8;366;39;16;14274;2928;;;
marseille;9;366;38;18;13908;3294;;;
discours;8;365;38;16;13870;2920;;;
reduire;7;365;31;14;11315;2555;;;
arriver;7;365;33;14;12045;2555;;;
tellement;9;365;39;18;14235;3285;;;
economiques;11;365;53;22;19345;4015;;;
echapper;8;365;41;16;14965;2920;;;
populaires;10;365;47;20;17155;3650;;;
artiste;7;365;29;14;10585;2555;;;
petrole;7;365;33;14;12045;2555;;;
representants;13;365;53;26;19345;4745;;;
contributions;13;365;64;26;23360;4745;;;
hautes;6;364;28;12;10192;2184;;;
www;3;364;27;6;9828;1092;;;
james;5;364;24;10;8736;1820;;;
million;7;363;34;14;12342;2541;;;
utilisant;9;363;39;18;14157;3267;;;
normalement;11;363;51;22;18513;3993;;;
dizaines;8;363;37;16;13431;2904;;;
quartiers;9;363;41;18;14883;3267;;;
georges;7;362;34;14;12308;2534;;;
organiser;9;362;41;18;14842;3258;;;
euro;4;362;19;8;6878;1448;;;
primaire;8;362;37;16;13394;2896;;;
peintre;7;362;30;14;10860;2534;;;
cap;3;362;16;6;5792;1086;;;
bonnes;6;362;27;12;9774;2172;;;
sauver;6;361;27;12;9747;2166;;;
anniversaire;12;361;50;24;18050;4332;;;
difficiles;10;361;49;20;17689;3610;;;
arrivent;8;361;37;16;13357;2888;;;
bouche;6;361;35;12;12635;2166;;;
pate;4;361;18;8;6498;1444;;;
modernes;8;361;36;16;12996;2888;;;
vin;3;361;15;6;5415;1083;;;
antoine;7;361;30;14;10830;2527;;;
sicile;6;361;25;12;9025;2166;;;
coreen;6;361;27;12;9747;2166;;;
crees;5;360;20;10;7200;1800;;;
social;6;360;28;12;10080;2160;;;
sel;3;360;11;6;3960;1080;;;
decrit;6;360;29;12;10440;2160;;;
sommes;6;360;27;12;9720;2160;;;
modifications;13;360;65;26;23400;4680;;;
journaliste;11;359;52;22;18668;3949;;;
accueil;7;359;33;14;11847;2513;;;
champ;5;359;30;10;10770;1795;;;
civilisation;12;359;56;24;20104;4308;;;
ceremonie;9;358;40;18;14320;3222;;;
necessaires;11;358;41;22;14678;3938;;;
residence;9;358;37;18;13246;3222;;;
byzantin;8;358;45;16;16110;2864;;;
accueillir;10;357;47;20;16779;3570;;;
erreur;6;357;26;12;9282;2142;;;
compter;7;357;37;14;13209;2499;;;
sultan;6;357;26;12;9282;2142;;;
viii;4;357;19;8;6783;1428;;;
architecte;10;357;49;20;17493;3570;;;
menace;6;357;26;12;9282;2142;;;
